Ticker,Sector,Industry,Close,PE Ratio,PB Ratio,Debt / Equity Ratio,ROE,EV/EBITDA,Capital Expenditure,Working Capital,Depreciation & Amortization,SUN 10 Year,Beta,Market Risk Premium,Dividend Per Share,Dividend Yield,Dividend Time,Payout Frequency,Expected Dividend Growth,EPS CAGR 5Y (%)
AADI,Energy,Thermal Coal,11550.0,6.03,1.23,0.26,0.233,3.96,-5229560000000.0,33110000000000.0,2170000000000.0,0.0715,,0.22,1061.64,0.0925,JUN & NOV,Semi-Annual,0.1068771,0.0
ADRO,Energy,Thermal Coal,2500.0,6.67,0.76,0.38,0.1234,4.87,-8505160000000.0,31230000000000.0,3430000000000.0,0.0715,-0.23,0.22,275.47,0.11019999999999999,MAY & DEC,Semi-Annual,0.028542419999999992,-7.79
AKRA,Energy,Oil & Gas Refining & Marketing,1460.0,10.53,1.75,0.33,0.1953,7.34,-1002620000000.0,6060000000000.0,481460000000.0,0.0715,-0.43,0.22,100.0,0.06849999999999999,MAY & AUG,Semi-Annual,0.052320870000000005,19.59
BSSR,Energy,Thermal Coal,5250.0,7.39,2.7,,0.34759999999999996,3.29,-359030000000.0,2350000000000.0,1090000000000.0001,0.0715,-0.42,0.22,1019.71,0.1942,JAN & JUN & NOV,Semi-Annual,-0.18509699999999998,-12.94
BUMI,Energy,Thermal Coal,175.0,30.48,1.23,0.25,0.0542,17.52,-3154770000000.0,3970000000000.0,401680000000.0,0.0715,-0.0,0.22,,,-,,,Negatif/Deklinasi
BYAN,Energy,Thermal Coal,11750.0,26.19,8.4,,0.3477,17.18,-3280530000000.0,15190000000000.0,2210000000000.0,0.0715,-0.46,0.22,289.8,0.024700000000000003,JUN / DEC,Annual,0.17989998000000004,-12.94
ELSA,Energy,Oil & Gas Equipment & Services,630.0,5.63,0.85,0.08,0.1573,1.23,-574020000000.0,2500000000000.0,400670000000.0,0.0715,0.09,0.22,39.11,0.0621,JUN,Annual,0.1560416,49.67
ENRG,Energy,Oil & Gas Exploration & Production,1440.0,20.5,2.36,0.57,0.12789999999999999,7.05,-6048130000000.0,-3386220000000.0,1340000000000.0,0.0715,0.16,0.22,,,-,,,Negatif/Deklinasi
GEMS,Energy,Thermal Coal,8425.0,8.21,3.14,0.16,0.4561,5.06,-405100000000.0,5750000000000.0,715930000000.0,0.0715,-0.23,0.22,1360.57,0.16149999999999998,JUN,Semi-Annual,0.06640816000000004,0.0
INDY,Energy,Thermal Coal,2540.0,53.49,0.55,0.94,0.030699999999999998,6.99,-2605550000000.0,12200000000000.0,549700000000.00006,0.0715,0.33,0.22,17.21,0.0068000000000000005,JUN / MAY,Annual,0.024081079999999998,Negatif/Deklinasi
ITMG,Energy,Thermal Coal,25200.0,7.51,0.8,0.05,0.1112,2.46,-1268810000000.0,15090000000000.0,347240000000.0,0.0715,-0.64,0.22,1764.5,0.07,APR & NOV,Semi-Annual,0.049350559999999995,-15.98
KKGI,Energy,Thermal Coal,286.0,21.9,0.54,0.02,0.019299999999999998,2.58,-51560000000.0,1040000000000.0,43720000000.0,0.0715,-0.41,0.22,32.0,0.1119,JUN & DEC,Semi-Annual,-0.03643260999999999,Negatif/Deklinasi
MCOL,Energy,Thermal Coal,3540.0,8.76,1.21,0.1,0.1484,3.62,-312150000000.0,3090000000000.0,807550000000.0,0.0715,-0.51,0.22,275.0,0.07769999999999999,MAY & NOV,Semi-Annual,0.04134424,-24.21
MEDC,Energy,Oil & Gas Exploration & Production,1375.0,5.52,0.75,1.72,0.1509,3.18,-9298030000000.0,17740000000000.0,9110000000000.0,0.0715,-0.03,0.22,64.5,0.046900000000000004,JUN & NOV,Semi-Annual,0.11432184000000001,Negatif/Deklinasi
MYOH,Energy,Thermal Coal,990.0,8.58,0.69,0.08,0.0805,1.24,-142880000000.0,2210000000000.0,256600000000.00003,0.0715,-0.13,0.22,64.05,0.0644,JUN,Annual,0.03521875,0.0
PTBA,Energy,Thermal Coal,3180.0,7.72,1.45,0.12,0.21109999999999998,4.35,-3121770000000.0,2830000000000.0,1060000000000.0,0.0715,-0.26,0.22,115.0,0.0362,JUN,Annual,0.040868959999999996,-10.12
SICO,Energy,Oil & Gas Equipment & Services,111.0,8.07,0.73,0.29,0.0951,4.92,-9920000000.0,69920000000.0,6640000000.0,0.0715,-0.11,0.22,4.0,0.036000000000000004,APR & NOV /DEC,Semi-Annual,0.060854490000000004,7.92
TOBA,Energy,Thermal Coal,462.0,,1.14,2.14,-0.3433,8.75,-719970000000.0,629490000000.0,1490000000000.0,0.0715,0.69,0.22,18.56,0.04019999999999999,MAY,,,
AMMN,Materials,Other Precious Metals & Mining,4240.0,19.75,3.02,1.0,0.1663,10.98,-14014220000000.0,35560000000000.0,7650000000000.0,0.0715,-0.42,0.22,,,-,,,Negatif/Deklinasi
ANTM,Materials,Gold,3140.0,8.42,1.95,0.16,0.2683,6.23,-663120000000.0,14920000000000.0,1010000000000.0,0.0715,0.78,0.22,209.99,0.0669,JUN,Annual,0.15835066,36.74
AVIA,Materials,Specialty Chemicals,330.0,10.15,2.0,0.0,0.19879999999999998,5.98,-466320000000.0,6310000000000.0,177230000000.0,0.0715,0.08,0.22,24.0,0.0727,APR & NOV,Semi-Annual,0.05671763999999999,4.7
BRMS,Materials,Other Industrial Metals & Mining,570.0,113.8,4.31,0.28,0.0398,55.39,-2097350000000.0,3360000000000.0,134759999999.99998,0.0715,0.68,0.22,,,-,,,Negatif/Deklinasi
BRPT,Materials,Chemicals,1420.0,52.43,1.13,1.33,0.0646,15.31,-18360070000000.0,75420000000000.0,6690000000000.0,0.0715,0.78,0.22,1.63,0.0011,JUN,,,Negatif/Deklinasi
CITA,Materials,Other Industrial Metals & Mining,3350.0,9.67,1.64,,,8.41,-139150000000.0,1690000000000.0,98280000000.0,0.0715,-0.15,0.22,328.0,0.09789999999999999,JUL,Annual,,19.28
CLPI,Materials,Specialty Chemicals,1590.0,6.53,0.83,0.19,0.1304,3.65,-2880000000.0,494150000000.0,7930000000.0,0.0715,0.08,0.22,170.51,0.1072,JUN / JUL,Annual,0.05054303999999999,11.65
DKFT,Materials,Other Industrial Metals & Mining,650.0,5.41,2.34,0.34,0.5056,4.27,-46300000000.0,905160000000.0,139240000000.0,0.0715,0.57,0.22,70.0,0.10769999999999999,JUN & OCT,Semi-Annual,0.21088576000000003,
ESSA,Materials,Chemicals,590.0,9.87,0.99,0.0,0.1406,3.38,-72870000000.0,3370000000000.0,830430000000.0,0.0715,0.2,0.22,10.0,0.017,APR,Annual,0.013989700000000004,Negatif/Deklinasi
FWCT,Materials,Lumber & Wood Production,78.0,,0.48,1.11,-0.1335,,-54140000000.0,120490000000.0,26770000000.0,0.0715,-0.48,0.22,,,JUN & NOV,,,
GDST,Materials,Steel,106.0,9.75,0.65,1.08,0.0709,13.32,-145130000000.0,-23460000000.0,16710000000.0,0.0715,0.07,0.22,2.5,0.0236,JUN & DEC LAST 2024,Annual,0.05443702000000001,
GGRP,Materials,Steel,370.0,,0.39,0.19,-0.021099999999999997,147.46,-195560000000.0,2180000000000.0002,461620000000.0,0.0715,0.33,0.22,28.0,0.0757,JUN,,,
INCO,Materials,Other Industrial Metals & Mining,4170.0,15.68,0.86,0.0,0.0558,6.7,-9232940000000.0,3870000000000.0,3400000000000.0,0.0715,1.06,0.22,76.4,0.0183,MAY,,0.038568960000000006,-12.94
INKP,Materials,Paper & Paper Products,8050.0,3.68,0.34,0.72,0.09630000000000001,3.84,-14352200000000.0,77380000000000.0,4400000000000.0,0.0715,0.2,0.22,75.0,0.009300000000000001,JUN,Annual,0.09386361000000001,3.71
INTP,Materials,Building Materials,4880.0,6.79,0.72,0.12,0.1069,4.13,-978940000000.0,3140000000000.0,894660000000.0,0.0715,0.28,0.22,468.0,0.0959,MAY,Annual,0.03682705,7.83
ISSP,Materials,Steel,396.0,4.97,0.48,0.62,0.10289999999999999,5.62,-626880000000.0,3250000000000.0,172800000000.0,0.0715,0.28,0.22,20.0,0.050499999999999996,JUL,Annual,0.08221709999999999,2.97
MBMA,Materials,Other Industrial Metals & Mining,470.0,37.01,1.16,0.53,0.0924,10.07,-3373730000000.0,7810000000000.0,1940000000000.0,0.0715,0.56,0.22,,,-,,,Negatif/Deklinasi
MDKA,Materials,Other Industrial Metals & Mining,2850.0,70.37,1.26,0.86,0.0747,11.36,-8727639999999.999,3230000000000.0,4170000000000.0,0.0715,0.94,0.22,12.29,0.0043,-,,,
MINE,Materials,Other Industrial Metals & Mining,272.0,5.89,1.15,0.61,0.2027,1.54,-143690000000.0,397490000000.0,349070000000.0,0.0715,,0.22,14.75,0.0542,-,,0.13672115,-34.53
NCKL,Materials,Other Industrial Metals & Mining,845.0,4.99,1.01,0.17,0.2602,4.29,-878470000000.0,7300000000000.0,1940000000000.0,0.0715,0.91,0.22,42.64,0.050499999999999996,JUN,Annual,0.2134941,36.49
NICL,Materials,Other Industrial Metals & Mining,358.0,34.62,4.49,0.0,0.1219,20.29,-5480000000.0,207830000000.0,11710000000.0,0.0715,0.42,0.22,21.0,0.0587,MAY / JUN & AUG & NOV /DEC,Semi-Annual,-0.02197856999999999,14.1
PBID,Consumer Discretionary,Packaging & Containers,520.0,6.32,1.32,0.07,0.21760000000000002,4.55,-58620000000.0,1580000000000.0,60740000000.0,0.0715,-0.11,0.22,53.0,0.10189999999999999,MAY / JUN,Annual,0.07753088,8.33
PSAB,Materials,Gold,515.0,3.88,1.73,0.15,0.48460000000000003,4.16,-925780000000.0,2950000000000.0,2740000000000.0,0.0715,0.61,0.22,105.0,0.2039,JUN/JUL,Quarterly,0.09706538000000002,
SAMF,Materials,Agricultural Inputs,360.0,11.07,1.59,0.79,0.17079999999999998,9.0,-38190000000.0,1140000000000.0,47460000000.0,0.0715,0.07,0.22,19.0,0.0528,JUN,Annual,0.06165879999999999,10.65
SMGR,Materials,Building Materials,1505.0,25.82,0.2,0.17,0.0073,4.36,-1309960000000.0,841440000000.0,2600000000000.0,0.0715,0.08,0.22,96.22,0.0639,MAY,Annual,0.0036251799999999995,-30.4
SRSN,Materials,Chemicals,132.0,6.33,0.9,0.02,0.1527,4.22,-32369999999.999996,487020000000.0,16610000000.0,0.0715,0.09,0.22,1.0,0.0076,JUN / JUL,Annual,0.14459163,36.24
TINS,Materials,Other Industrial Metals & Mining,4630.0,9.17,3.24,0.12,0.4179,5.43,-289150000000.0,5910000000000.0,744230000000.0,0.0715,0.89,0.22,88.0,0.019,JUN,,0.36470133,
TKIM,Materials,Paper & Paper Products,7050.0,2.74,0.38,0.23,0.1471,3.58,-1960190000000.0,3060000000000.0,896500000000.0,0.0715,0.3,0.22,30.0,0.0043,JUN,Annual,0.14534951000000002,11.84
TPIA,Materials,Specialty Chemicals,1700.0,74.33,1.68,1.19,0.0392,24.75,-14996330000000.0,70010000000000.01,4560000000000.0,0.0715,-0.14,0.22,5.69,0.0033,JUN,Semi-Annual,0.011332719999999996,
BLES,Materials,Building Materials,192.0,7.54,1.34,0.43,0.19440000000000002,4.22,-169320000000.0,46960000000.0,158240000000.0,0.0715,-0.39,0.22,1.89,0.0098,JUN / JUL,,,14.91
DGWG,Materials,Agricultural Inputs,324.0,6.86,1.6,1.05,0.2576,5.24,-52060000000.0,383820000000.0,26340000000.0,0.0715,,0.22,13.0,0.0401,-,Semi-Annual,0.15592527999999997,-5.21
FPNI,Materials,Specialty Chemicals,486.0,9.1,1.36,0.0,0.1611,7.65,-55530000000.0,620440000000.0,132860000000.00002,0.0715,-0.04,0.22,,,-,,,
PART,Consumer Discretionary,Auto Parts,121.0,10.45,1.68,0.9,0.1724,8.48,-82630000000.0,70290000000.0,12560000000.0,0.0715,0.82,0.22,1.71,0.0141,-,Annual,0.14633312,
SMGA,Materials,Other Industrial Metals & Mining,86.0,9.1,1.62,0.34,0.1216,5.76,-11000000000.0,358500000000.0,13930000000.0,0.0715,0.7,0.22,,,-,,,33.6
ABMM,Energy,Thermal Coal,2610.0,4.75,0.44,1.03,0.0949,3.59,-1483920000000.0,1210000000000.0,2009999999999.9998,0.0715,-0.61,0.22,153.0,0.058600000000000006,MAY,Annual,0.07702084,-9.71
ASII,Industrials,Conglomerates,4630.0,6.25,0.64,0.41,0.1198,5.04,-13556000000000.0,29150000000000.0,16040000000000.0,0.0715,-0.08,0.22,390.0,0.0842,MAY & OCT,Semi-Annual,0.056857080000000004,8.23
HEXA,Industrials,Industrial Distribution,3520.0,11.44,0.94,0.52,0.0805,7.36,-42000000000.0,2540000000000.0,115890000000.0,0.0715,0.05,0.22,463.09,0.1316,SEP / OCT,Annual,-0.044500399999999996,-22.16
JTPE,Industrials,Specialty Business Services,585.0,11.21,2.84,0.12,0.2786,5.88,-142920000000.0,573230000000.0,52050000000.0,0.0715,-0.11,0.22,24.0,0.040999999999999995,JUN & NOV,Annual,0.017245339999999987,30.88
KBLI,Industrials,Electrical Equipment & Parts,356.0,6.49,0.46,0.08,0.0753,4.97,-47060000000.0,2290000000000.0,56220000000.0,0.0715,0.07,0.22,17.0,0.0478,MAY & AUG,Annual,0.047228160000000005,18.06
KUAS,Industrials,Building Products & Equipment,86.0,12.36,0.66,0.69,0.054299999999999994,8.11,-25760000000.0,89190000000.0,3580000000.0,0.0715,0.19,0.22,1.5,0.0174,JUN / MAY,Annual,0.019591439999999998,5.18
MSJA,Consumer Discretionary,Textile Manufacturing,840.0,51.5,3.2,0.16,0.0691,24.89,-5830000000.0,361280000000.0,54260000000.0,0.0715,0.13,0.22,12.0,0.0143,JUN,Annual,0.005749119999999996,Negatif/Deklinasi
PBSA,Industrials,Engineering & Construction,740.0,8.86,2.91,0.0,0.342,6.28,-27670000000.0,535809999999.99994,18350000000.0,0.0715,0.24,0.22,55.0,0.07429999999999999,JUN,Annual,0.11645100000000001,24.54
SCCO,Industrials,Electrical Equipment & Parts,2680.0,6.64,0.39,,0.0599,2.3,-25440000000.0,2340000000000.0,52740000000.0,0.0715,0.17,0.22,100.0,0.0373,JUN,Annual,0.045212520000000006,19.04
SKRN,Industrials,Rental & Leasing Services,414.0,16.67,4.85,0.38,0.3059,7.74,-26040000000.0,68680000000.00001,193440000000.0,0.0715,-0.12,0.22,85.0,0.2053,MAY / JUN & NOV,Annual,0.08705914,112.19
TOTL,Industrials,Engineering & Construction,1555.0,10.41,4.33,0.0,0.4375,7.39,-74610000000.0,341640000000.0,32610000000.0,0.0715,0.28,0.22,75.0,0.0482,MAY,Annual,0.11545625000000001,38.03
UNTR,Materials,Other Industrial Metals & Mining,26000.0,12.35,0.9,0.28,0.07440000000000001,3.99,-10659000000000.0,12430000000000.0,10600000000000.0,0.0715,-0.36,0.22,1663.0,0.064,MAY & OCT,Semi-Annual,0.016702800000000004,-4.98
CARS,Consumer Discretionary,Auto & Truck Dealerships,107.0,10.11,1.13,0.81,0.13449999999999998,10.66,-34060000000.000004,-57760000000.0,42570000000.0,0.0715,-0.07,0.22,,,-,,,
GJTL,Consumer Discretionary,Auto Parts,1245.0,2.73,0.39,0.53,0.1532,3.01,-2572570000000.0,3110000000000.0,853880000000.0,0.0715,0.45,0.22,50.0,0.04019999999999999,JUN / JUL,Annual,0.1121424,
MPPA,Consumer Discretionary,Department Stores,36.0,,-13.0,-36.49,-4.4871,4.19,-51140000000.0,-532870000000.0,97770000000.0,0.0715,0.83,0.22,,,-,,,
AALI,Consumer Staples,Farm Products,8250.0,8.14,0.62,,0.08109999999999999,2.66,-866750000000.0,7700000000000.0,1450000000000.0,0.0715,0.16,0.22,458.0,0.0555,MAY & OCT,Semi-Annual,0.03364839,-1.07
AMRT,Consumer Staples,Grocery Stores,1265.0,15.06,2.78,0.14,0.2003,5.69,-2666950000000.0,753390000000.0,2060000000000.0,0.0715,-0.19,0.22,41.5,0.032799999999999996,MAY,Annual,0.10413597000000001,13.13
BUDI,Consumer Staples,Packaged Foods,220.0,6.07,0.56,1.19,0.1002,6.05,-190490000000.0,1100000000000.0,196430000000.0,0.0715,0.14,0.22,7.0,0.0318,JUN & NOV,,0.07552074,14.58
CLEO,Consumer Staples,Beverages - Non-Alcoholic,416.0,23.1,3.86,0.19,0.1894,11.76,-512970000000.0,243090000000.0,225410000000.0,0.0715,-0.31,0.22,2.5,0.006,JUN,Annual,,18.93
CMRY,Consumer Staples,Packaged Foods,4380.0,15.72,4.85,0.0,0.3223,11.87,-863640000000.0,2069999999999.9998,218960000000.0,0.0715,0.18,0.22,200.0,0.045700000000000005,JUN,Semi-Annual,0.09092082999999997,22.84
CPIN,Consumer Staples,Farm Products,2910.0,6.34,1.35,0.28,0.2279,4.41,-1942270000000.0,19400000000000.0,1270000000000.0,0.0715,0.12,0.22,180.0,0.061900000000000004,MAY,Annual,0.13762881,15.53
DSNG,Consumer Staples,Farm Products,1575.0,8.67,1.38,0.28,0.1675,4.82,-1842810000000.0,883720000000.0,1010000000000.0,0.0715,-0.07,0.22,47.0,0.0298,JUN,Annual,0.14537325,21.51
GGRM,Consumer Staples,Tobacco,16900.0,7.36,0.51,,0.0706,2.57,-1766700000000.0,31120000000000.0,3020000000000.0,0.0715,0.74,0.22,800.0,0.0473,JUL,Annual,0.055216259999999996,-4.66
HMSP,Consumer Staples,Tobacco,615.0,8.25,2.75,0.01,0.3469,5.62,-475830000000.0,13870000000000.0,1010000000000.0,0.0715,0.51,0.22,56.3,0.0915,MAY,Annual,0.08512926000000001,3.98
ICBP,Consumer Staples,Packaged Foods,6750.0,10.45,1.03,0.67,0.1255,6.2,-2330030000000.0,41780000000000.0,1750000000000.0,0.0715,-0.01,0.22,265.0,0.0393,JUL,Annual,0.07600280000000001,2.92
INDF,Consumer Staples,Packaged Foods,6825.0,6.19,0.48,0.64,0.12140000000000001,4.22,-4351750000000.0,51600000000000.0,3940000000000.0,0.0715,0.04,0.22,290.0,0.0425,JUL,Annual,0.09021234,4.55
JPFA,Consumer Staples,Farm Products,1995.0,4.44,1.09,0.76,0.2918,4.33,-3906260000000.0,8090000000000.0,1200000000000.0,0.0715,0.15,0.22,140.0,0.0702,APR,Annual,0.19871580000000003,20.92
LSIP,Consumer Staples,Farm Products,1455.0,4.74,0.68,,0.152,0.58,-448400000000.0,8160000000000.0,392310000000.0,0.0715,0.02,0.22,83.0,0.057,JUL,Annual,0.1193656,15.77
MIDI,Consumer Staples,Grocery Stores,250.0,9.49,1.82,0.13,0.1977,4.08,-818900000000.0,-29390000000.0,521400000000.0,0.0715,-0.18,0.22,11.85,0.047400000000000005,MAY,Annual,0.10946648999999999,23.18
MLBI,Consumer Staples,Beverages - Brewers,6850.0,11.26,13.11,0.09,1.2222,6.37,-216850000000.0,-384580000000.0,415940000000.0,0.0715,0.01,0.22,561.0,0.0819,MAY / JUN & NOV,Semi-Annual,0.80347428,14.09
MYOR,Consumer Staples,Packaged Foods,1370.0,8.97,1.64,0.25,0.1962,5.06,-919620000000.0,12980000000000.0,1570000000000.0,0.0715,-0.15,0.22,60.0,0.0438,MAY,Annual,0.12558762,23.53
NSSS,Consumer Staples,Farm Products,715.0,25.47,7.48,0.7,0.3381,16.02,-155270000000.0,519059999999.99994,156770000000.0,0.0715,-0.22,0.22,10.0,0.014199999999999999,NOV,Annual,0.30195711000000003,18.27
PNGO,Consumer Staples,Farm Products,3390.0,8.24,2.15,0.19,0.2802,5.8,-121690000000.0,150190000000.0,64209999999.99999,0.0715,0.12,0.22,220.0,0.0649,JUN & NOV,,0.24621174,11.94
ROTI,Consumer Staples,Packaged Foods,560.0,16.37,1.96,0.62,0.1093,7.98,-100380000000.0,-152570000000.0,185650000000.0,0.0715,-0.24,0.22,80.04,0.1429,APR,Annual,-0.14862614,-6.11
TAPG,Consumer Staples,Farm Products,1935.0,9.42,3.19,0.09,0.35969999999999996,6.42,-699700000000.0,2380000000000.0,717540000000.0,0.0715,0.12,0.22,180.0,0.09300000000000001,MAY & NOV,Semi-Annual,0.04219281000000002,28.14
TBLA,Consumer Staples,Packaged Foods,605.0,4.01,0.37,1.97,0.0953,6.26,-1520850000000.0,2950000000000.0,822390000000.0,0.0715,0.09,0.22,47.0,0.07769999999999999,JUN,Annual,0.08752352,-0.49
TLDN,Consumer Staples,Farm Products,595.0,6.84,2.02,0.21,0.31120000000000003,4.28,154200000000.0,374050000000.0,350250000000.0,0.0715,-0.04,0.22,31.0,0.0521,MAY & OCT,Semi-Annual,0.14035120000000004,14.8
WIIM,Consumer Staples,Tobacco,1460.0,5.3,1.33,0.08,0.2722,3.64,-271040000000.00003,1550000000000.0,80200000000.0,0.0715,-0.39,0.22,104.4,0.07150000000000001,JUN,Annual,0.16892732000000002,26.79
YUPI,Consumer Staples,Confectioners,1240.0,16.92,6.09,0.44,0.25379999999999997,11.01,-29790000000.0,1280000000000.0,136919999999.99998,0.0715,,0.22,70.22,0.056600000000000004,JUL & DEC,Semi-Annual,-0.5801614199999999,9.2
BWPT,Consumer Staples,Packaged Foods,103.0,7.84,1.03,1.53,0.14429999999999998,5.36,-347590000000.0,-619700000000.0,186390000000.0,0.0715,0.01,0.22,,,-,,,
GZCO,Consumer Staples,Farm Products,161.0,8.25,0.75,0.25,,4.81,-86220000000.0,-251720000000.0,95450000000.0,0.0715,-0.02,0.22,,,-,,,54.3
SIMP,Consumer Staples,Packaged Foods,575.0,3.9,0.31,0.34,,2.64,-1503940000000.0,4410000000000.0,1420000000000.0,0.0715,0.2,0.22,26.0,0.0452,JUL,Annual,,17.16
STAA,Consumer Staples,Farm Products,1215.0,7.57,1.89,0.24,0.2999,4.74,-250230000000.0,2420000000000.0,429230000000.0,0.0715,-0.23,0.22,75.0,0.0617,MAY & OCT,Annual,0.1562479,-2.45
ACES,Consumer Discretionary,Specialty Retail,322.0,7.26,0.86,0.15,0.12119999999999999,3.1,-191600000000.0,5080000000000.0,160640000000.0,0.0715,0.13,0.22,32.01,0.09939999999999999,JUN,Annual,0.029475839999999993,2.03
AUTO,Consumer Discretionary,Auto Parts,3370.0,6.58,0.92,0.03,0.15289999999999998,4.26,-533010000000.0,5600000000000.0,481420000000.0,0.0715,0.07,0.22,229.0,0.068,MAY & OCT,Semi-Annual,0.08308586000000001,31.65
EAST,Consumer Discretionary,Lodging,89.0,11.08,0.8,0.01,0.0711,7.7,-9230000000.0,2670000000.0,6600000000.0,0.0715,-0.27,0.22,7.8,0.0876,APR / JUN & DEC / JAN,Semi-Annual,-0.03160394999999999,22.26
ERAA,Consumer Discretionary,Specialty Retail,600.0,6.69,0.86,0.73,0.1551,4.4,-835000000000.0,3820000000000.0,609660000000.0,0.0715,0.36,0.22,25.0,0.0417,JUN,Annual,0.12215676,7.09
KDSI,Consumer Discretionary,Packaging & Containers,468.0,11.91,0.95,0.24,0.0812,5.8,-37490000000.0,380260000000.0,51220000000.0,0.0715,-0.1,0.22,20.0,0.042699999999999995,JUN,Annual,0.04008032,-1.71
LPIN,Consumer Discretionary,Auto Parts,428.0,5.65,0.52,,0.0928,2.68,-724580000.0,183300000000.0,1200000000.0,0.0715,-0.26,0.22,45.0,0.1051,MAY / JUN,Annual,0.0379552,6.61
MAPI,Consumer Discretionary,Department Stores,1485.0,9.92,1.32,0.48,0.1761,3.99,-2070830000000.0,7860000000000.0,1310000000000.0,0.0715,0.29,0.22,10.0,0.0067,JUN,Annual,0.16181829,42.57
MNCN,Communication Services,Advertising Agencies,119.0,1.33,0.07,0.05,0.0545,1.7,-787090000000.0,9660000000000.0,611800000000.0,0.0715,0.15,0.22,,,JUL,,,-13.22
MPMX,Consumer Discretionary,Auto & Truck Dealerships,1015.0,8.45,0.8,0.01,0.091,3.54,-115290000000.0,1360000000000.0,82200000000.0,0.0715,0.27,0.22,120.0,0.1182,JUN,Annual,-0.0379561,4.69
PANR,Consumer Discretionary,Travel Services,402.0,6.76,0.45,0.16,0.1343,3.3,-5320000000.0,326900000000.0,16879999999.999998,0.0715,0.22,0.22,60.0,0.1493,MAY,Annual,0.06655908,
RALS,Consumer Discretionary,Department Stores,376.0,9.33,0.66,0.12,0.0693,1.06,-252750000000.0,1900000000000.0,277800000000.0,0.0715,0.39,0.22,60.0,0.15960000000000002,MAY,Annual,-0.01933470000000001,9.51
SCMA,Communication Services,Broadcasting,172.0,11.0,1.47,0.1,0.1356,7.31,-127860000000.0,4010000000000.0,268220000000.00003,0.0715,0.19,0.22,21.0,0.12210000000000001,JUN & NOV,Semi-Annual,-0.04762271999999999,-6.13
SMSM,Consumer Discretionary,Auto Parts,1675.0,8.42,2.13,0.04,0.2883,4.92,-221690000000.0,3330000000000.0,246690000000.0,0.0715,0.09,0.22,140.0,0.0836,MAY & AUG,Quarterly,0.1432851,11.58
SPTO,Consumer Discretionary,"Furnishings, Fixtures & Appliances",600.0,6.34,0.67,0.08,0.1184,5.72,-76210000000.0,695650000000.0,64069999999.99999,0.0715,-0.14,0.22,70.0,0.1167,JUN & NOV,Semi-Annual,0.03135232,5.5
TOTO,Industrials,Building Products & Equipment,240.0,9.17,0.98,0.08,0.1074,5.35,-96970000000.0,1270000000000.0,93460000000.0,0.0715,-0.03,0.22,23.0,0.0958,JUN & NOV,Semi-Annual,-0.023198399999999997,11.49
DVLA,Healthcare,Drug Manufacturers - Specialty & Generic,1585.0,12.99,1.18,0.0,0.091,5.26,-107240000000.0,1030000000000.0,73210000000.0,0.0715,-0.09,0.22,105.0,0.0663,JUN & OCT / NOV,Semi-Annual,0.010201099999999998,-1.44
EPMT,Healthcare,Medical Distribution,2650.0,8.58,0.86,0.02,0.1054,5.19,-228810000000.0,6510000000000.0,180230000000.0,0.0715,-0.0,0.22,179.0,0.0676,MAY / JUN,,,-0.42
HEAL,Healthcare,Medical Care Facilities,600.0,22.75,1.27,0.51,0.0728,7.65,-1552090000000.0,474400000000.0,833660000000.0,0.0715,-0.2,0.22,10.5,0.0175,JUN,Annual,0.034907600000000004,-17.24
KLBF,Healthcare,Drug Manufacturers - General,725.0,9.05,1.26,0.03,0.1477,5.8,-830890000000.0,14330000000000.0,426280000000.0,0.0715,-0.07,0.22,20.0,0.0276,JUN,Annual,0.11067161,3.21
MARK,Healthcare,Medical Instruments & Supplies,1155.0,13.04,4.91,0.0,0.37979999999999997,9.92,-33799999999.999996,374750000000.0,32420000000.0,0.0715,0.24,0.22,90.0,0.0779,MAY & AUG,Semi-Annual,-0.006190739999999992,-3.02
MIKA,Healthcare,Medical Care Facilities,1670.0,16.47,2.81,0.0,0.18960000000000002,9.99,-1211450000000.0,2550000000000.0,352280000000.0,0.0715,-0.1,0.22,43.0,0.0258,MAY,Annual,0.10913376000000001,3.35
PRDA,Healthcare,Diagnostics & Research,2820.0,11.85,1.08,0.01,0.0922,4.31,-83900000000.0,809010000000.0,108940000000.0,0.0715,0.04,0.22,162.68,0.057699999999999994,MAY / APR,Annual,0.03227922000000001,-18.32
SIDO,Consumer Staples,Packaged Foods,346.0,10.61,3.4,0.0,0.304,7.34,-62050000000.0,1390000000000.0,127050000000.0,0.0715,0.01,0.22,37.0,0.1069,MAY & NOV,Semi-Annual,-0.04003679999999998,-5.06
SILO,Healthcare,Medical Care Facilities,2000.0,21.32,2.5,0.23,0.1311,9.0,-1851560000000.0,-1386930000000.0,542130000000.0,0.0715,-0.06,0.22,,,MAY,,,12.81
TSPC,Industrials,Conglomerates,2640.0,7.99,1.16,0.12,0.1539,3.79,-538090000000.00006,6580000000000.0,296800000000.0,0.0715,0.13,0.22,150.0,0.056799999999999996,JUN & NOV,Semi-Annual,0.11154672,12.38
ADMF,Financials,Credit Services,8300.0,5.5,0.66,1.26,0.1376,,-75040000000.0,29690000000000.0,137830000000.0,0.0715,0.21,0.22,630.0,0.0759,MAY,Annual,0.080152,4.46
AMAG,Financials,Insurance - Property & Casualty,388.0,10.08,0.89,,0.0959,8.14,,-58760000000.0,,0.0715,-0.18,0.22,40.0,0.10310000000000001,MAY,Annual,,4.92
ASDM,Financials,Insurance - Diversified,505.0,9.59,0.54,0.01,0.0537,6.29,-6670000000.0,761080000000.0,,0.0715,0.06,0.22,32.0,0.0634,JUL,Annual,0.002695739999999995,-0.05
BBCA,Financials,Banks - Regional,6100.0,12.72,2.72,0.19,0.2182,,-2438360000000.0,-1189322590000000.0,,0.0715,-0.02,0.22,336.0,0.055099999999999996,MAR & DEC,Quarterly,0.05372084000000002,13.1
BBKP,Financials,Banks - Regional,39.0,,0.89,3.71,-0.0292,,-328200000000.0,-35417480000000.0,,0.0715,0.57,0.22,,,-,,,
BBNI,Financials,Banks - Regional,3420.0,6.14,0.75,0.72,0.1245,,-2954440000000.0,-923114970000000.0,,0.0715,0.2,0.22,374.06,0.1094,MAR,Annual,0.04615215,13.66
BBRI,Financials,Banks - Regional,3080.0,7.62,1.42,1.04,0.18989999999999999,,-3805630000000.0,-1645334750000000.0,,0.0715,0.18,0.22,346.0,0.11230000000000001,MAR,Semi-Annual,0.02831409,11.31
BBTN,Financials,Banks - Regional,1065.0,3.54,0.39,1.8,0.1174,,-1853420000000.0,-347809280000000.0,,0.0715,0.36,0.22,53.57,0.050300000000000004,MAR,,,6.45
BDMN,Financials,Banks - Regional,4650.0,9.92,0.74,0.66,0.0874,,-552310000000.0,-187372420000000.0,,0.0715,0.68,0.22,142.19,0.030600000000000002,APR,Annual,0.06613558000000001,23.76
BFIN,Financials,Credit Services,910.0,8.37,1.21,1.18,0.1536,,-124760000000.0,16059999999999.998,143780000000.0,0.0715,0.4,0.22,70.0,0.07690000000000001,MAY & NOV,Semi-Annual,0.057077759999999984,7.31
BMRI,Financials,Banks - Regional,4030.0,6.01,1.28,1.2,0.2238,,-4817010000000.0,-1606481170000000.0,,0.0715,-0.06,0.22,476.96,0.1184,MAR,Semi-Annual,0.06391728000000002,17.3
BRIS,Financials,Banks - Regional,1415.0,8.24,1.29,0.07,0.16149999999999998,,-2187320000000.0002,-11501600000000.0,,0.0715,0.13,0.22,22.78,0.0161,MAY,Annual,0.13087959999999998,18.63
DNAR,Financials,Banks - Regional,120.0,9.19,0.52,0.1,0.058600000000000006,,-4560000000.0,-9253390000000.0,,0.0715,0.05,0.22,,,-,,,55.47
NISP,Financials,Banks - Regional,1230.0,5.45,0.64,0.73,0.1222,,-226650000000.0,-250466550000000.0,,0.0715,0.05,0.22,45.0,0.0366,APR,Annual,0.09804106,15.69
PANS,Financials,Capital Markets,1645.0,6.81,0.79,0.03,0.12140000000000001,,-10490000000.0,1450000000000.0,,0.0715,0.02,0.22,250.0,0.152,JUL,Annual,0.04604702,2.63
BBYB,Financials,Banks - Regional,196.0,4.43,0.59,0.05,0.1407,,-24450000000.0,-9108940000000.0,,0.0715,0.9,0.22,,,-,,,
SRTG,Financials,Asset Management,1710.0,7.05,0.44,0.02,0.0634,,-26780000000.0,53330000000000.0,5280000000.0,0.0715,0.29,0.22,103.3,0.0604,MAY,Annual,0.0330631,
BNGA,Financials,Banks - Regional,1695.0,6.21,0.76,0.66,0.1246,,-406280000000.0,-246956740000000.0,,0.0715,0.07,0.22,155.73,0.0919,APR,Annual,0.05069973999999999,10.65
BKSL,Real Estate,Real Estate - Development,56.0,10.37,0.58,0.18,0.057800000000000004,10.66,-59440000000.0,2750000000000.0,26780000000.0,0.0715,-0.15,0.22,,,-,,,
BSDE,Real Estate,Real Estate - Development,535.0,6.07,0.21,0.35,0.0415,6.5,-53270000000.0,23790000000000.0,826590000000.0,0.0715,0.12,0.22,,,-,,,6.65
CTRA,Real Estate,Real Estate - Development,535.0,3.93,0.36,0.29,0.10039999999999999,2.93,-471130000000.0,14400000000000.0,535870000000.0,0.0715,0.14,0.22,36.0,0.0673,JUN,Annual,0.08270952,7.79
DMAS,Real Estate,Real Estate - Development,180.0,5.59,1.24,0.0,0.2354,4.43,-82160000000.0,5150000000000.0,45780000000.0,0.0715,0.17,0.22,29.0,0.1611,MAY / JUN,Annual,,16.89
DUTI,Real Estate,Real Estate - Development,4700.0,13.79,0.66,0.0,0.063,8.27,-5030000000.0,5580000000000.0,33460000000.0,0.0715,0.06,0.22,480.0,0.10210000000000001,GA NENTU,,,-0.91
PWON,Real Estate,Real Estate - Diversified,256.0,5.48,0.45,0.22,0.1003,4.5,-297920000000.0,7620000000000.0,788350000000.0,0.0715,0.21,0.22,13.0,0.0508,JUL,Annual,0.0720154,9.9
RDTX,Real Estate,Real Estate Services,13025.0,8.56,1.04,,,6.1,-21830000000.0,637940000000.0,679270000.0,0.0715,0.2,0.22,478.0,0.036699999999999997,JUN / JUL & DEC,Semi-Annual,,16.34
SMRA,Real Estate,Real Estate - Development,234.0,6.6,0.24,0.92,0.0678,6.6,-207950000000.0,1430000000000.0,400300000000.0,0.0715,0.28,0.22,5.0,0.021400000000000002,JUN,Annual,0.05091102,11.62
SSIA,Industrials,Engineering & Construction,1660.0,38.73,0.94,0.29,,13.28,-1542290000000.0,1260000000000.0,193340000000.0,0.0715,0.83,0.22,5.0,0.003,JUN,Annual,,
BUKA,Consumer Discretionary,Internet Retail,105.0,5.37,0.39,0.0,0.0782,,-17380000000.0,18870000000000.0,15830000000.0,0.0715,0.21,0.22,,,-,,,
EMTK,Communication Services,Broadcasting,382.0,10.45,0.45,0.06,0.0758,7.22,-667730000000.0,25880000000000.0,754120000000.0,0.0715,0.33,0.22,10.0,0.0262,NOV,Semi-Annual,0.036747840000000004,
GOTO,Technology,Software - Infrastructure,30.0,16135.45,1.03,0.28,-0.0116,,-313900000000.0,19260000000000.0,63300000000.0,0.0715,0.45,0.22,,,-,,,
MSTI,Technology,Information Technology Services,1320.0,7.49,1.92,0.05,0.2681,4.54,14720000000.0,2049999999999.9998,68930000000.0,0.0715,-0.29,0.22,122.0,0.0924,JUN,Semi-Annual,0.08399573,7.71
MTDL,Technology,Electronics & Computer Distribution,498.0,7.31,0.94,0.52,0.1957,6.12,-10520000000.0,5620000000000.0,32920000000.0,0.0715,0.2,0.22,24.0,0.0482,MAY,Annual,,10.37
PTSN,Technology,Electronic Components,380.0,9.54,0.88,0.22,0.0956,4.23,-680460000000.0,273450000000.0,298860000000.0,0.0715,0.43,0.22,5.22,0.0137,JUN,Annual,0.07902296,Negatif/Deklinasi
WIRG,Technology,Information Technology Services,56.0,8.68,0.71,0.15,0.0755,5.78,-67099999.99999999,382270000000.0,35640000000.0,0.0715,0.69,0.22,,,-,,,22.17
CBDK,Real Estate,Real Estate Services,3300.0,7.39,1.38,0.02,0.20879999999999999,7.05,-236730000000.0,3820000000000.0,68150000000.00001,0.0715,,0.22,5.0,0.0015,MAY,,,71.42
CDIA,Utilities,Utilities - Regulated Electric,555.0,56.0,3.56,0.69,0.0692,29.87,-3755310000000.0,11010000000000.0,,0.0715,,0.22,6.99,0.0126,MAY,Semi-Annual,0.020123359999999996,
JKON,Industrials,Conglomerates,79.0,4.63,0.38,0.02,0.08539999999999999,2.62,-58570000000.0,1350000000000.0,39330000000.0,0.0715,0.15,0.22,2.0,0.0253,JUN,Annual,0.07538257999999999,
JSMR,Industrials,Infrastructure Operations,2540.0,5.05,0.3,1.24,0.0824,8.69,-127040000000.0,-9978900000000.0,3150000000000.0,0.0715,0.22,0.22,156.23,0.061500000000000006,MAY,Annual,0.057127920000000006,18.01
PGAS,Utilities,Utilities - Regulated Gas,1375.0,8.1,0.53,0.29,0.1009,2.63,-3357040000000.0,17750000000000.0,,0.0715,0.09,0.22,182.08,0.1324,JUN,Annual,0.02654679,0.0
PGEO,Utilities,Utilities - Renewable,940.0,15.12,1.12,0.37,0.0751,6.67,-1687110000000.0,11930000000000.0,18790000000.0,0.0715,-0.77,0.22,53.09,0.0565,JUN,Annual,0.016319230000000004,Negatif/Deklinasi
POWR,Utilities,Utilities - Independent Power Producers,950.0,11.91,1.17,0.49,0.0987,5.01,-1120870000000.0,6620000000000.0,1150000000000.0,0.0715,0.07,0.22,74.99,0.0789,MAY & DEC,Semi-Annual,0.001964129999999992,Negatif/Deklinasi
NRCA,Industrials,Engineering & Construction,525.0,6.89,0.97,0.25,0.1482,3.61,-8860000000.0,1080000000000.0001,15510000000.0,0.0715,-0.15,0.22,40.0,0.0762,MAY,Annual,0.07113599999999999,29.64
ASSA,Industrials,Rental & Leasing Services,570.0,5.0,0.61,1.29,0.1816,3.32,-352840000000.0,-34270000000.000004,823540000000.0,0.0715,0.34,0.22,50.0,0.0877,JUN,Semi-Annual,0.10055192,25.07
HAIS,Industrials,Marine Shipping,175.0,6.54,0.56,0.68,0.0888,5.33,-443760000000.0,67580000000.0,71090000000.0,0.0715,0.1,0.22,15.37,0.08779999999999999,APR,Annual,0.05617488000000001,11.57
IPCC,Industrials,Integrated Freight & Logistics,1030.0,7.84,1.48,0.36,0.1912,3.57,-3030000000.0,900150000000.0,-33450000000.000004,0.0715,0.17,0.22,95.11,0.09230000000000001,JUN & DEC,Semi-Annual,0.05713056,32.57
IPCM,Industrials,Marine Shipping,280.0,8.48,1.12,0.03,0.129,3.01,-26670000000.0,637160000000.0,14320000000.0,0.0715,0.1,0.22,24.32,0.08689999999999999,JUN & DEC,Semi-Annual,0.036442499999999996,5.02
MAHA,Industrials,Trucking,136.0,6.0,1.21,0.31,0.2076,3.01,-180410000000.0,422660000000.0,70690000000.0,0.0715,0.24,0.22,12.0,0.0882,MAY,Annual,0.09773808,-2.03
NELY,Industrials,Marine Shipping,190.0,,0.51,0.21,-0.0241,6.52,-70580000000.0,228100000000.0,89420000000.0,0.0715,0.2,0.22,25.0,0.1316,JUN & DEC,Semi-Annual,,
SMDR,Industrials,Marine Shipping,392.0,6.56,0.46,0.67,0.1033,2.76,-1853730000000.0,7050000000000.0,733100000000.0,0.0715,0.17,0.22,12.0,0.030600000000000002,JUL,Semi-Annual,0.08215449,Negatif/Deklinasi
TEBE,Industrials,Infrastructure Operations,2690.0,27.63,3.31,,0.1165,14.47,-3270000000.0,467900000000.0,58640000000.0,0.0715,0.1,0.22,156.0,0.057999999999999996,-,Semi-Annual,-0.07015630000000002,-5.3
TMAS,Industrials,Marine Shipping,118.0,10.51,2.05,0.58,0.2214,6.88,-1344760000000.0,172040000000.0,313160000000.0,0.0715,-0.14,0.22,4.0,0.0339,MAY,Annual,,-1.14
TPMA,Industrials,Marine Shipping,444.0,7.57,0.61,0.84,0.08779999999999999,4.74,-994270000000.0,-33520000000.000004,470700000000.0,0.0715,0.52,0.22,42.0,0.0946,MAY,Annual,0.02301237999999999,Negatif/Deklinasi
BBRM,Industrials,Marine Shipping,108.0,7.81,1.08,0.15,0.149,5.88,-80170000000.0,365530000000.0,31460000000.0,0.0715,0.59,0.22,,,-,,,Negatif/Deklinasi
BOAT,Energy,Oil & Gas Drilling,122.0,11.33,0.99,0.36,0.0863,6.06,-98270000000.0,4050000000.0,42730000000.0,0.0715,,0.22,,,-,,,
BULL,Industrials,Marine Shipping,346.0,3.89,1.15,0.6,0.3529,4.58,-1176780000000.0,-120770000000.0,352530000000.0,0.0715,1.19,0.22,,,-,,,
DCII,Real Estate,Real Estate Services,200900.0,413.61,97.5,0.54,0.26739999999999997,271.28,-2413720000000.0,39500000000.0,307560000000.0,0.0715,0.29,0.22,,,-,,,33.64
DSSA,Energy,Thermal Coal,1140.0,32.85,3.24,0.63,0.18789999999999998,19.42,-7654060000000.0,17460000000000.0,1390000000000.0,0.0715,-1.0,0.22,,,-,,,Negatif/Deklinasi
EDGE,Technology,Information Technology Services,4790.0,159.38,5.34,3.36,0.0341,20.5,-4169590000000.0,-1853920000000.0,222640000000.0,0.0715,0.51,0.22,,,-,,,-13.54
INET,Communication Services,Telecom Services,262.0,51.53,1.54,0.47,0.024900000000000002,30.0,-485450000000.0,3060000000000.0,24370000000.0,0.0715,-0.5,0.22,0.08,0.0003,-,Annual,0.02413308,-30.8
MGLV,Consumer Discretionary,"Furnishings, Fixtures & Appliances",14850.0,,250.13,0.22,-0.25129999999999997,,-448040000.0,96740000000.0,2490000000.0,0.0715,0.92,0.22,,,-,,,
EXCL,Communication Services,Telecom Services,2380.0,,1.5,2.04,-0.1344,5.33,-13206080000000.0,-25158340000000.0,13640000000000.0,0.0715,-0.1,0.22,244.7,0.10279999999999999,MAY,Annual,,
FREN,Communication Services,Telecom Services,,,0.51,0.84,-0.0698,12.14,-1217390000000.0,-1731690000000.0,,0.0715,0.68,0.22,,,-,,,
ISAT,Communication Services,Telecom Services,2250.0,9.74,1.82,1.76,0.2024,4.77,-13386570000000.0,-13122950000000.0,9720000000000.0,0.0715,-0.27,0.22,83.8,0.037200000000000004,MAY,Annual,0.03248519999999999,-5.66
TLKM,Communication Services,Telecom Services,2250.0,12.39,1.64,0.6,0.17679999999999998,3.76,-22835000000000.0,-21426000000000.0,27890000000000.0,0.0715,0.11,0.22,223.17,0.0992,JUN,Annual,,-6.28
LINK,Communication Services,Telecom Services,1620.0,,1.59,3.12,-0.4575,5.31,-1119180000000.0,-7353180000000.0,3430000000000.0,0.0715,0.23,0.22,,,-,,,
MORA,Communication Services,Telecom Services,4460.0,178.76,11.39,0.94,0.052000000000000005,91.21,-2615190000000.0,2190000000000.0,1040000000000.0,0.0715,0.27,0.22,,,-,,,-26.82
MTEL,Communication Services,Telecom Services,446.0,16.95,1.12,0.66,,7.07,-2146239999999.9998,-6639040000000.0,2120000000000.0,0.0715,-0.13,0.22,25.65,0.0575,MAY,Annual,,1.42
TBIG,Communication Services,Telecom Services,1445.0,22.26,2.38,2.21,0.1245,10.46,-2416680000000.0,-18779900000000.0,1080000000000.0001,0.0715,-0.13,0.22,47.0,0.0325,MAY & DEC,Annual,0.03341580000000001,-2.85
TOWR,Real Estate,Real Estate Services,416.0,6.19,0.83,1.57,0.16140000000000002,6.29,-3633400000000.0,-25183450000000.0,1990000000000.0,0.0715,-0.03,0.22,13.76,0.0331,MAY & DEC,Semi-Annual,0.12816774000000003,-0.47
GLVA,Technology,Electronics & Computer Distribution,324.0,13.88,1.09,0.64,0.08869999999999999,5.75,-20220000000.0,379690000000.0,45760000000.0,0.0715,0.61,0.22,10.0,0.030899999999999997,MAY,Annual,0.03133770999999999,-2.6
MLPT,Technology,Information Technology Services,945.0,119.85,59.4,0.29,0.5388000000000001,71.08,-108360000000.0,80920000000.0,235930000000.0,0.0715,0.91,0.22,5.34,0.005699999999999999,JUN,Semi-Annual,0.17392464,7.34
KETR,Technology,Communication Equipment,935.0,37.45,2.22,0.59,0.061,14.51,-62050000000.0,1010000000000.0,31080000000.0,0.0715,0.56,0.22,,,-,,,-14.88
