Ticker,Cash & Equivalents,Account Receivable,Inventory,Total Current Asset,Total Current Liabilities,Revenue,Cost of Revenue,Gross Profit,EBIT,Net Income,Total Liabilities,Long Term Liabilities,Shareholders Equity,Interest Expense,Operating Cash Flow,Investing Cash Flow,Financing Cash Flow
AADI,914430000.0,480460000.0,138660000.0,1809000000.0,863180000.0,90470000000000.0,3618000000.0,24130000000000.0,19650000000000.0,14410000000000.0,1999000000.0,774000000.0,3781000000.0,-38480000.0,577880000.0,-361380000.0,-654140000.0
ADRO,1159000000.0,308930000.0,130800000.00000001,2547000000.0,589430000.0,36050000000000.0,1258000000.0,13860000000000.0,12220000000000.0,10410000000000.0,1762000000.0,938170000.0,5424000000.0,-13170000.0,708370000.0,-480560000.0,-242220000.0
AKRA,8866239000000.0,9563752000000.0,5257774000000.0,24681968000000.0,18620670000000.0,55440000000000.0,51027215000000.0,4420000000000.0,3290000000000.0,2720000000000.0,22928979000000.0,3039745000000.0,16366503000000.0,-70303000000.0,7757167000000.0,-1245793000000.0,-2021490000000.0
BSSR,60960000.0,51920000.0,35330000.0,227220000.0,81870000.0,13210000000000.0,503650000.0,4250000000000.0,2240000000000.0,1740000000000.0,94620000.0,,298800000.0,-70000.0,152260000.0,-70310000.0,-77180000.0
BUMI,179690000.0,253290000.0,75620000.0,985630000.0,763570000.0,28870000000000.0,1332000000.0,5040000000000.0,2930000000000.0,2140000000000.0002,1642000000.0,549980000.0,2951000000.0,-43230000.0,2640000.0,-335520000.0,443010000.0
BYAN,933710000.0,262880000.0,300730000.0,1905000000.0,1056000000.0,63430000000000.0,2336000000.0,21650000000000.0,19540000000000.0,14830000000000.0,1196000000.0,,2584000000.0,-4720000.0,884110000.0,-268790000.0,-420760000.0
ELSA,2885629000000.0,4166503000000.0,494014000000.0,8107327000000.0,5607189000000.0,15120000000000.0,13673813000000.0,1450000000000.0,881540000000.0,816630000000.0,5975564000000.0,106954000000.0,5425618000000.0,-49220000000.0,1796043000000.0,-605662000000.0,-1189292000000.0
ENRG,114740000.0,56440000.0,42970000.0,281580000.0,470870000.0,9700000000000.0,325260000.0,3880000000000.0,3390000000000.0,1810000000000.0,1081000000.0,251690000.0,887540000.0,-30560000.0,352390000.0,-338090000.0,49910000.0
GEMS,141000000.0,197300000.0,42460000.0,598640000.0,339040000.0,39810000000000.0,1641000000.0,11990000000000.0,5520000000000.0,3810000000000.0,435790000.0,68090000.0,790400000.0,-6090000.0,159220000.0,-83970000.0,-266279999.99999997
INDY,608080000.0,441150000.0,86740000.0,1318000000.0,636580000.0,39730000000000.0,1902000000.0,5700000000000.0,2850000000000.0,250060000000.0,1879000000.0,1140000000.0,1349000000.0,-63360000.0,103440000.0,-158460000.0,174620000.0
ITMG,737580000.0,167530000.0,110530000.0,1187000000.0,343160000.0,35100000000000.0,1428000000.0,9560000000000.0,4910000000000.0,3680000000000.0,506230000.0,14430000.0,1910000000.0,-6500000.0,66599999.99999999,-138780000.0,-229210000.0
KKGI,44670000.0,9140000.0,9750000.0,76490000.0,18500000.0,2720000000000.0,123520000.0,513770000000.0,201620000000.0,63510000000.0,29210000.0,1860000.0,144830000.0,-190000.0,14620000.0,-8630000.0,-9050000.0
MCOL,151070000.0,63390000.0,14500000.0,281400000.0,108670000.0,13190000000000.0,570050000.0,2990000000000.0,1990000000000.0,1440000000000.0,159640000.0,,583830000.0,-4900000.0,167940000.0,-64250000.0,-111200000.0
MEDC,533900000.0,520000000.0,145420000.0,1589000000.0,1421000000.0,41510000000000.0,987790000.0,24770000000000.0,11050000000000.0,2550000000000.0,5867000000.0,3147000000.0,2406000000.0,-326250000.0,968680000.0,-763520000.0,-487320000.0
MYOH,61380000.0,29550000.0,21390000.0,148680000.0,25740000.0,3010000000000.0,138840000.0,515240000000.0,345560000000.0,254660000000.0,38390000.0,6430000.0,184430000.0,-1620000.0,29440000.0,-25440000.0,-10690000.0
PTBA,4192245000000.0,4871754000000.0,3379850000000.0,13045179000000.0,10288875000000.0,42620000000000.0,35351380000000.0,7270000000000.0,3600000000000.0,3340000000000.0,19557671000000.0,2040443000000.0,23670572000000.0,-210415000000.0,7108016000000.0,-4039267000000.0,-3745953000000.0
SICO,23043000000.0,21849000000.0,13532000000.0,81174000000.0,11258000000.0,157100000000.0,104790000000.0,52310000000.0,16629999999.999998,12640000000.0,47330000000.0,25431000000.0,139748000000.0,-1471000000.0,9034000000.0,-6576000000.0,1262000000.0
TOBA,88040000.0,41500000.0,15480000.0,180580000.0,142730000.0,6560000000000.0,347630000.0,787270000000.0,-657720000000.0,-1186120000000.0,577310000.0,287840000.0,204680000.0,-19010000.0,18080000.0,70680000.0,-22670000.0
AMMN,814570000.0,468700000.0,1182000000.0,3152000000.0,1202000000.0,44960000000000.0,1349000000.0,22100000000000.0,18490000000000.0,9290000000000.0,8429000000.0,6087000000.0,5581000000.0,-430590000.0,720000.0,-1217000000.0,1172000000.0
ANTM,9226074000000.0,3295675000000.0,14695146000000.0,29981631000000.0,15062093000000.0,88340000000000.0,70915123000000.0,17420000000000.002,10310000000000.0,8900000000000.0,22741351000000.0,4440440000000.0,38531520000000.0,-384638000000.0,1826163000000.0,-3859958000000.0,691553000000.0
AVIA,2449883000000.0,1422588000000.0,1968890000000.0,7906822000000.0,1597067000000.0,8830000000000.0,4386568000000.0,4440000000000.0,2210000000000.0,1910000000000.0,1684924000000.0,,9612676000000.0,-2281000000.0,2485019000000.0,143759000000.0,-1909035000000.0
BRMS,32130000.000000004,,37160000.0,275520000.0,87740000.0,4010000000000.0,105430000.0,2130000000000.0,1340000000000.0,714820000000.0,364370000.0,266450000.0,1049000000.0,-23790000.0,18000000.0,-157070000.0,145780000.0
BRPT,3182000000.0,995090000.0,2260000000.0,7788000000.0,3572000000.0,180460000000000.0,8596000000.0,26680000000000.0,10780000000000.0,2510000000000.0,12458000000.0,7140000000.0,6494000000.0,-481540000.0,290490000.0,-2328000000.0,2109000000.0
CITA,795417000000.0,313394000000.0,883804000000.0,2068044000000.0,373604000000.0,3200000000000.0,2140796000000.0,1060000000000.0,619350000000.0,1370000000000.0,441852000000.0,,8102481000000.0,,567394000000.0,541409000000.0,-1390087000000.0
CLPI,221643000000.0,357782000000.0,250692000000.0,862080000000.0,367929000000.0,1060000000000.0,903818000000.0,152670000000.0,88990000000.0,74320000000.0,383105000000.0,,582143000000.0,-3109000000.0,55277000000.0,-17594000000.0,-70342000000.0
DKFT,659665000000.0,195380000000.0,148282000000.0,1425980000000.0,520824000000.0,1630000000000.0,772696000000.0,859640000000.0,622130000000.0,669600000000.0,1687494000000.0,519153000000.0,1532177000000.0,-1730000000.0,552796000000.0,-264886000000.0,-504316000000.0
ESSA,189230000.0,29230000.0,42300000.0,275880000.0,87360000.0,6150000000000.0,217570000.0,2260000000000.0,1700000000000.0,995000000000.0,139130000.0,,554200000.0,-1220000.0,147040000.0,-13130000.0,-60190000.0
FWCT,61106000000.0,65394000000.0,106326000000.0,288598000000.0,168107000000.0,1190000000000.0,1123403000000.0,69550000000.0,-30320000000.0,-45720000000.0,433002000000.0,246544000000.0,320378000000.0,-21978000000.0,29592000000.0,-54141000000.0,74989000000.0
GDST,589175000000.0,257863000000.0,621103000000.0,2255296000000.0,2278756000000.0,2150000000000.0,1900041000000.0,249610000000.0,78240000000.0,102190000000.0,2426082000000.0,99000000000.0,1482384000000.0,-107970000000.0,158327000000.0,-45716000000.0,461356000000.0
GGRP,8910000.0,4560000.0,174330000.0,265920000.00000003,144140000.0,3800000000000.0,223840000.0,-200310000000.0,-433110000000.0,-250720000000.0,214410000.0,,636540000.0,-4970000.0,-59290000.0,-9800000.0,11070000.0
INCO,110660000.0,73580000.0,301810000.0,586820000.0,370460000.0,19790000000000.0,873550000.0,4170000000000.0,2700000000000.0,2780000000000.0,552000000.0,,2831000000.0,-5250000.0,179960000.0,-524200000.00000006,-55490000.0
INKP,726900000.0,1564000000.0,497020000.0,6821000000.0,2496000000.0,59180000000000.0,2232000000.0,19250000000000.0,13050000000000.0,11840000000000.0,6057000000.0,3277000000.0,7193000000.0,-304500000.0,796330000.0,-2356000000.0,385640000.0
INTP,3911459000000.0,3035792000000.0,2504001000000.0,9876727000000.0,6741612000000.0,18150000000000.0,12212391000000.0,5940000000000.0,2080000000000.0,2340000000000.0,8122890000000.0,,22108665000000.0,-179489000000.0,3681716000000.0,-615453000000.0,-2634978000000.0
ISSP,680732000000.0,977021000000.0,4407785000000.0,6354772000000.0,3103381000000.0,6160000000000.0,4985734000000.0,1170000000000.0,824230000000.0,561430000000.0,4684719000000.0,1248260000000.0,5766555000000.0,-145988000000.0,-588056000000.0,-642965000000.0,1101490000000.0
MBMA,349800000.0,265339999.99999997,283480000.0,1076000000.0,673810000.0,25830000000000.0,1251000000.0,4620000000000.0,3940000000000.0,1070000000000.0001,1528000000.0,726150000.0,2441000000.0,-33840000.0,-104830000.0,-236040000.0,174500000.0
MDKA,544780000.0,292540000.0,496000000.0,1609000000.0,1206000000.0,34119999999999.996,1637000000.0,6380000000000.0,5050000000000.0,-14740000000.0,2972000000.0,1558000000.0,3055000000.0,-130759999.99999999,365520000.0,-600820000.0,452550000.0
MINE,376477000000.0,280562000000.0,97202000000.0,1052198000000.0,654713000000.0,2430000000000.0,2050487000000.0,382320000000.0,269490000000.0,185110000000.0,946072000000.0,153404000000.0,975115000000.0,-71679000000.0,643887000000.0,-138517000000.0,-314431000000.0
NCKL,4885730000000.0,3982114000000.0,8581214000000.0,17833412000000.0,10534090000000.0,32630000000000.004,23461829000000.0,9170000000000.0,7910000000000.0,10660000000000.0,18142045000000.0,6656284000000.0,52843333000000.0,-599305000000.0,5174942000000.0,-512922000000.0,-4486978000000.0
NICL,245103000000.0,3318000000.0,20513000000.0,312900000000.0,105072000000.0,890840000000.0,605964000000.0,284880000000.0,157100000000.0,108130000000.0,127825000000.0,,834225000000.0,-189970000.0,197591000000.0,-83071000000.0,-227978000000.0
PBID,183644000000.0,464607000000.0,1346173000000.0,2139806000000.0,564005000000.0,5760000000000.0,4509201000000.0,1250000000000.0,789340000000.0,617540000000.0,725770000000.0,,2960742000000.0,-10287000000.0,583986000000.0,-124656000000.0,-398991000000.0
PSAB,414970000.0,740000.0,57520000.0,504590000.0,172610000.0,4980000000000.0,104890000.0,3200000000000.0,1590000000000.0,4930000000000.0,257620000.0,34190000.0,726280000.0,-14460000.0,133699999.99999999,467200000.0,-215270000.0
SAMF,150557000000.0,1624663000000.0,1605408000000.0,3603106000000.0,2459078000000.0,4389999999999.9995,3471986000000.0,917540000000.0,446880000000.0,274200000000.0,2557836000000.0,69491000000.0,1903550000000.0,-74434000000.0,-143673000000.0,-37158000000.0,213235000000.0
SMGR,4701897000000.0,5097341000000.0,4902594000000.0,16925924000000.0,14804008000000.0,35880000000000.0,28849590000000.0,7030000000000.0,1260000000000.0,228610000000.0,27667683000000.0,5559964000000.0,47792046000000.0,-759858000000.0,3966556000000.0,-1205029000000.0,-1793053000000.0
SRSN,31984000000.0,233178000000.0,318449000000.0,596321000000.0,109297000000.0,1200000000000.0,851499000000.0,346680000000.0,163230000000.0,124640000000.0,137480000000.0,,875265000000.0,-10341000000.0,319990000000.0,-32372000000.0,-260210000000.0
TINS,4483933000000.0,1583522000000.0,2965133000000.0,9568973000000.0,3656468000000.0,17750000000000.0,11565906000000.0,6190000000000.0,4910000000000.0,3730000000000.0,5901361000000.0,539653000000.0,10547605000000.0,-95002000000.0,3816688000000.0,-307658000000.0,-887415000000.0
TKIM,69970000.0,104200000.0,257820000.0,655450000.0,484380000.0,18300000000000.0,868120000.0,2770000000000.0,1170000000000.0,7870000000000.0,970380000.0,427110000.0,3208000000.0,-38420000.0,-46650000.0,-63600000.0,-52300000.0
TPIA,2921000000.0,844430000.0,2238000000.0,6928000000.0,3014000000.0,169150000000000.0,8640000000.0,14580000000000.0,3060000000000.0,2009999999999.9998,8802000000.0,4774000000.0,4964000000.0,-539980000.0,477830000.0,-2003000000.0,1762000000.0
BLES,162206000000.0,171245000000.0,102673000000.0,459871000000.0,412913000000.0,1720000000000.0,1153410000000.0,561770000000.0,318810000000.0,222940000000.0,882232000000.0,403169000000.0,1251075000000.0,-45086000000.0,396492000000.0,-164722000000.0,-68177000000.0
DGWG,155624000000.0,1096841000000.0,2085793000000.0,3538101000000.0,3154282000000.0,4890000000000.0,3624560000000.0,1260000000000.0,509870000000.0,266410000000.00003,3297072000000.0,56145000000.0,1156424000000.0,-103173000000.0,33641000000.0,-48799000000.0,92380000000.0
FPNI,28960000.0,12650000.0,48070000.0,99990000.0,65310000.0,6150000000000.0,326410000.0,314040000000.0,134289999999.99998,296220000000.0,70390000.0,,111070000.0,-70000.0,24880000.0,-10340000.0,-500000.0
PART,3517000000.0,44974000000.0,49977000000.0,135328000000.0,65036000000.0,405030000000.0,331459000000.0,73580000000.0,45510000000.0,30750000000.0,203479000000.0,131058000000.0,196333000000.0,-14035000000.0,21144000000.0,-82630000000.0,63560000000.0
SMGA,20964000000.0,349818000000.0,,1103694000000.0,795619000000.0,2240000000000.0,2132894000000.0,110960000000.0,69490000000.0,54080000000.0,808919000000.0,9943000000.0,412232000000.0,-4020000000.0,23851000000.0,-11650000.0,-13740000000.0
ABMM,214180000.0,246380000.0,40640000.0,558050000.0,490370000.0,18560000000000.0,925500000.0,2000000000000.0,1110000000000.0,1470000000000.0,1162000000.0,598920000.0,894680000.0,-69540000.0,270270000.0,-38820000.0,-162650000.0
ASII,46150000000000.0,28469000000000.0,36266000000000.0,185300000000000.0,156151000000000.0,318450000000000.0,235200000000000.0,60470000000000.0,34880000000000.004,29790000000000.0,224673000000000.0,43622000000000.0,289844000000000.0,-3694000000000.0,37806000000000.0,-25077000000000.0,-20543000000000.0
HEXA,17400000.0,107230000.0,232590000.0,360950000.0,219080000.0,9050000000000.0,421710000.0,1500000000000.0,394190000000.0,250490000000.0,239830000.0,,169920000.0,-6350000.0,102690000.0,-2450000.0,-108010000.0
JTPE,670460000000.0,178726000000.0,861541000000.0,1892905000000.0,1319675000000.0,2790000000000.0,2086427000000.0,702570000000.0,550810000000.0,350180000000.0,1373095000000.0,1875000000.0,1376213000000.0,-2430000000.0,594852000000.0,-106679000000.0,-219176000000.0
KBLI,184340000000.0,859176000000.0,1292670000000.0,2985664000000.0,691039000000.0,4130000000000.0,3706745000000.0,419650000000.0,231350000000.0,214960000000.0,813739000000.0,11591000000.0,3011834000000.0,-14479000000.0,24566000000.0,-257875000000.0,171294000000.0
KUAS,39515000000.0,60416000000.0,81590000000.0,187011000000.0,97822000000.0,185450000000.0,129940000000.0,55510000000.0,17320000000.0,9100000000.0,137562000000.0,14117000000.0,170964000000.0,-7077000000.0,28630000000.0,-31031000000.0,2390000000.0
MSJA,11300000.0,14750000.0,9420000.0,36840000.0,16640000.0,1220000000000.0,55780000.0,224570000000.0,110870000000.0,93620000000.0,24060000.0,1170000.0,83110000.0,-770000.0,1360000.0,690000.0,-6050000.0
PBSA,192320000000.0,687729000000.0,199059000000.0,1236869000000.0,701060000000.0,1820000000000.0,1473990000000.0,341630000000.0,286370000000.0,250200000000.0,713190000000.0,,758540000000.0,-2012000000.0,134500000000.0,-29172000000.0,-185871000000.0
SCCO,1164324000000.0,638797000000.0,854445000000.0,2762064000000.0,421201000000.0,7490000000000.0,6833070000000.0,659690000000.0,383700000000.0,335810000000.0,471431000000.0,,5743627000000.0,,215919000000.0,-9601000000.0,-71251000000.0
SKRN,92316000000.0,158913000000.0,,379805000000.0,311122000000.0,873800000000.0,600265000000.0,273540000000.00003,172960000000.0,177610000000.0,821380000000.0,1327000000.0,611092000000.0,-21238000000.0,383420000000.0,-6675000000.0,-412391000000.0
TOTL,864911000000.0,1537547000000.0,61394000000.0,3114069000000.0,2772429000000.0,4280000000000.0005,3538395000000.0,745790000000.0,380180000000.0,509570000000.0,2970729000000.0,,1224688000000.0,,255921000000.0,-64050000000.0,-375100000000.0
UNTR,18653672000000.0,21187844000000.0,16184501000000.0,64876616000000.0,52445591000000.0,121060000000000.0,95860150000000.0,25200000000000.0,14620000000000.0,7640000000000.0,77307497000000.0,10243774000000.0,101751015000000.0,-1396278000000.0,18528755000000.0,-20432979000000.0,-5247607000000.0
CARS,416889000000.0,720925000000.0,314589000000.0,1580865000000.0,1638626000000.0,4710000000000.0,4033601000000.0,633140000000.0,193630000000.0,158770000000.0,1706848000000.0,8906000000.0,1425191000000.0,-35283000000.0,90432000000.0,1191000000.0,-111410000000.0
GJTL,859070000000.0,5231647000000.0,2910172000000.0,9792812000000.0,6679245000000.0,18140000000000.0,14312305000000.0,3830000000000.0,2089999999999.9998,1590000000000.0,12583495000000.0,3977045000000.0,11007883000000.0,-369469000000.0,2424903000000.0,-2453154000000.0,22615000000.0
MPPA,249981000000.0,69538000000.0,1007683000000.0,1646119000000.0,2178990000000.0,7400000000000.0,6150367000000.0,1250000000000.0,46710000000.0,-127490000000.0,3132123000000.0,266000000000.0,-35899000000.0,-117528000000.0,383623000000.0,-112696000000.0,-286881000000.0
AALI,5149236000000.0,766009000000.0,4003072000000.0,10999829000000.0,3300969000000.0,29470000000000.0,24522388000000.0,4940000000000.0,2640000000000.0,1870000000000.0,4248033000000.0,,24606390000000.0,-40687000000.0,3703202000000.0,-866751000000.0,-4166661000000.0
AMRT,4097782000000.0,2865461000000.0,13414040000000.0,21676612000000.0,20923222000000.0,130880000000000.0,101970089000000.0,28910000000000.0,4840000000000.0,3550000000000.0,23630784000000.0,672402000000.0,19158173000000.0,-169874000000.0,8190008000000.0,-5770807000000.0,-2857590000000.0
BUDI,299750000000.0,1661836000000.0,720041000000.0,2752588000000.0,1653723000000.0,3940000000000.0,3374088000000.0,561340000000.0,289320000000.0,164150000000.0,2526732000000.0,615000000000.0,1768592000000.0,-165360000000.0,261048000000.0,-121448000000.0,90211000000.0
CLEO,50518000000.0,173026000000.0,439346000000.0,720875000000.0,477789000000.0,3150000000000.0,1447670000000.0,1700000000000.0,631640000000.0,430100000000.0,933460000000.0,300639000000.0,2574634000000.0,-27832000000.0,556674000000.0,-512432000000.0,-37511000000.0
CMRY,558058000000.0,1181932000000.0,1449908000000.0,4071623000000.0,2005305000000.0,12040000000000.0,6696338000000.0,5340000000000.0,2380000000000.0,2210000000000.0,2084734000000.0,,7162913000000.0,-37000000.0,1917419000000.0,-573194000000.0,-1589641000000.0
CPIN,5368132000000.0,2472710000000.0,17160669000000.0,30932743000000.0,11535786000000.0,77060000000000.0,62051463000000.0,15010000000000.0,10110000000000.0,7450000000000.0,17469626000000.0,4606509000000.0,34911307000000.0,-496651000000.0,5366489000000.0,-2122172000000.0,-1394740000000.0
DSNG,676925000000.0,361189000000.0,1989475000000.0,3445378000000.0,2561660000000.0,12520000000000.0,8701042000000.0,3820000000000.0,2830000000000.0,1930000000000.0,5682690000000.0,2563586000000.0,12131625000000.0,-333820000000.0,2589835000000.0,-825631000000.0,-1980031000000.0
GGRM,8719955000000.0,,31781791000000.0,42896233000000.0,11771357000000.0,86180000000000.0,75007885000000.0,11170000000000.0,6220000000000.0,4420000000000.0,13779285000000.0,,64007744000000.0,-63382000000.0,12227339000000.0,-1317569000000.0,-4562044000000.0
HMSP,6605359000000.0,3349687000000.0,22300209000000.0,35102109000000.0,21233410000000.0,49160000000000.0,27579519000000.0,21580000000000.0,10350000000000.0,8680000000000.0,23859991000000.0,,26037106000000.0,-24990000000.0,11105557000000.0,-995421000000.0,-6796573000000.0
ICBP,33537992000000.0,12096134000000.0,7751246000000.0,57964365000000.0,16185899000000.0,79110000000000.0,51508271000000.0,27610000000000.0,16140000000000.0,7390000000000.0,68713288000000.0,49310565000000.0,75272636000000.0,-2222049000000.0,12933186000000.0,-3588168000000.0,-4508970000000.0
INDF,54125470000000.0,12084733000000.0,20881863000000.0,101718139000000.0,50120902000000.0,129180000000000.0,86305664000000.0,42870000000000.0,24660000000000.0,9570000000000.0,106532925000000.0,50431666000000.0,124712134000000.0,-4082879000000.0,20143401000000.0,-6688594000000.0,-2419673000000.0
JPFA,2596987000000.0,3728010000000.0,15826024000000.0,24480974000000.0,16394766000000.0,68590000000000.0,53554371000000.0,15030000000000.0,7480000000000.0,5240000000000.0,23811080000000.0,5865373000000.0,21334052000000.0,-669467000000.0,1801838000000.0,-4283337000000.0,3097772000000.0
LSIP,8371777000000.0,17030000000.0,867355000000.0,9500254000000.0,1341322000000.0,5880000000000.0,3622190000000.0,2260000000000.0,2049999999999.9998,2060000000000.0,1976754000000.0,,14318210000000.0,-1126000000.0,2632025000000.0,-461084000000.0,-448400000000.0
MIDI,533369000000.0,471689000000.0,2757047000000.0,3940975000000.0,3970362000000.0,21520000000000.0,15901004000000.0,5620000000000.0,1080000000000.0001,887810000000.0,4640704000000.0,,4631655000000.0,-45417000000.0,1749985000000.0,-1285541000000.0,-547591000000.0
MLBI,1290928000000.0,660981000000.0,281411000000.0,2412252000000.0,2796829000000.0,3790000000000.0,1331721000000.0,2460000000000.0,1660000000000.0,1290000000000.0,2909521000000.0,,1105306000000.0,-7992000000.0,1421945000000.0,-211980000000.0,-533009000000.0
MYOR,5600379000000.0,6588011000000.0,5303347000000.0,18574717000000.0,5597013000000.0,38810000000000.0,29495322000000.0,9310000000000.0,4160000000000.0,3410000000000.0,10079164000000.0,3240748000000.0,18445923000000.0,-517659000000.0,6564553000000.0,-795510000000.0,-5579626000000.0
NSSS,402311000000.0,34035000000.0,444795000000.0,1322410000000.0,803349000000.0,2120000000000.0,1010111000000.0,1110000000000.0,952520000000.0,668130000000.0,2023244000000.0,1076211000000.0,2274603000000.0,-139482000000.0,814376000000.0,-595998000000.0,-327344000000.0
PNGO,23207000000.0,24673000000.0,209562000000.0,410323000000.0,260132000000.0,2210000000000.0,1542702000000.0,666340000000.0,441000000000.0,329900000000.0,447500000000.0,80945000000.0,1267467000000.0,-22781000000.0,383813000000.0,-105601000000.0,-261815000000.0
ROTI,168660000000.0,470861000000.0,219436000000.0,929844000000.0,1082411000000.0,3760000000000.0,1841516000000.0,1920000000000.0,298860000000.0,190700000000.0,1875883000000.0,436117000000.0,1595305000000.0,-60033000000.0,472600000000.0,-102109000000.0,-546244000000.0
TAPG,1706296000000.0,126557000000.0,1173834000000.0,4125880000000.0,1750029000000.0,11750000000000.0,6837948000000.0,4910000000000.0,4010000000000.0,4050000000000.0,2889990000000.0,724347000000.0,11933750000000.0,-51260000000.0,3708726000000.0,479529000000.0,-3429665000000.0
TBLA,529194000000.0,6400069000000.0,7141389000000.0,15928334000000.0,12979231000000.0,24010000000000.0,19943043000000.0,4070000000000.0005,2680000000000.0,883300000000.0,22076183000000.0,8109150000000.0,9683322000000.0,-1454789000000.0,-535558000000.0,-2332083000000.0,3186028000000.0
TLDN,258018000000.0,55689000000.0,1150088000000.0,1914357000000.0,1540311000000.0,5590000000000.0,3644078000000.0,1940000000000.0,1290000000000.0,1090000000000.0001,2651152000000.0,229890000000.0,3691647000000.0,-43436000000.0,1196076000000.0,80731000000.0,-1295508000000.0
WIIM,199617000000.0,215918000000.0,1991191000000.0,2592542000000.0,1043801000000.0,3870000000000.0,2311836000000.0,1560000000000.0,745710000000.0,574240000000.0,1100065000000.0,,2295689000000.0,-17606000000.0,490327000000.0,-254465000000.0,-323055000000.0
YUPI,880531000000.0,488749000000.0,455491000000.0,1857794000000.0,581945000000.0,2970000000000.0,1815727000000.0,1150000000000.0,815150000000.0,621330000000.0,1409646000000.0,761606000000.0,1740234000000.0,-48211000000.0,629476000000.0,-77866000000.0,-1324081000000.0
BWPT,199759000000.0,163363000000.0,452923000000.0,2037447000000.0,2657147000000.0,6240000000000.0,4617885000000.0,1620000000000.0,1210000000000.0,401030000000.0,6901045000000.0,3243312000000.0,3042188000000.0,-413694000000.0,1026293000000.0,-527592000000.0,-452679000000.0
GZCO,55574000000.0,16448000000.0,94493000000.0,247209000000.0,498929000000.0,842900000000.0,572999000000.0,269899999999.99997,151480000000.0,114940000000.0,898230000000.0,173727000000.0,1255447000000.0,-17457000000.0,83952000000.0,-60078000000.0,-25174000000.0
SIMP,9014405000000.0,1263808000000.0,3797764000000.0,16362061000000.0,11956121000000.0,21290000000000.0,15805106000000.0,5480000000000.0,4210000000000.0,2190000000000.0,15149830000000.0,867533000000.0,27197198000000.0,-550735000000.0,3008726000000.0,-1638069000000.0,155273000000.0
STAA,1379178000000.0,598210000000.0,1495671000000.0,4399020000000.0,1978793000000.0,12150000000000.0,8330793000000.0,3820000000000.0,2440000000000.0,1710000000000.0,3195537000000.0,993395000000.0,6843735000000.0,-108555000000.0,1568206000000.0,-166618000000.0,-1025802000000.0
ACES,1166703000000.0,,3873578000000.0,6372737000000.0,1288793000000.0,8910000000000.0,4971742000000.0,3940000000000.0,878860000000.0,766160000000.0,2376626000000.0,,6450302000000.0,-84816000000.0,1228204000000.0,-986414000000.0,-1172365000000.0
AUTO,4296374000000.0,2964269000000.0,2883050000000.0,11056363000000.0,5459244000000.0,21180000000000.0,17750526000000.0,3430000000000.0,1260000000000.0,2420000000000.0,6686521000000.0,142495000000.0,17195384000000.0,-33122000000.0,1612079000000.0,174630000000.0,-1364817000000.0
EAST,9067000000.0,1790000000.0,562340000.0,16617000000.0,13943000000.0,95060000000.0,24105000000.0,70950000000.0,40330000000.0,33140000000.0,26146000000.0,,458736000000.0,-785800000.0,40620000000.0,-1073000000.0,-45861000000.0
ERAA,1312397000000.0,1320864000000.0,12811512000000.0,18275715000000.0,14453188000000.0,84460000000000.0,75343711000000.0,9110000000000.0,2520000000000.0,1410000000000.0,18404218000000.0,2344922000000.0,10944590000000.0,-627514000000.0,7000281000000.0,-947755000000.0,-6896090000000.0
KDSI,80914000000.0,343573000000.0,432960000000.0,892967000000.0,512710000000.0,2190000000000.0,1881944000000.0,310190000000.0,97800000000.0,63640000000.0,628354000000.0,55417000000.0,797725000000.0,-20555000000.0,39700000000.0,-52709000000.0,65323000000.0
LPIN,87548000000.0,53529000000.0,45957000000.0,206969000000.0,23671000000.0,175240000000.0,118032000000.0,57210000000.0,30440000000.0,32159999999.999996,33860000000.0,,353001000000.0,,28644000000.0,35032000000.0,-19005000000.0
MAPI,4421056000000.0,720566000000.0,10416221000000.0,20215354000000.0,12357501000000.0,47660000000000.0,28962902000000.0,18690000000000.0,4280000000000.0005,2490000000000.0,16708442000000.0,,18708155000000.0,-555826000000.0,6537628000000.0,-2869904000000.0,-2911447000000.0
MNCN,812681000000.0,4052652000000.0,4491518000000.0,10934923000000.0,1278505000000.0,7100000000000.0,4120775000000.0,2980000000000.0,1100000000000.0,1200000000000.0,1792966000000.0,280475000000.0,23455479000000.0,-239390000000.0,783992000000.0,-911677000000.0,-265412000000.0
MPMX,1451680000000.0,194524000000.0,416733000000.0,3589191000000.0,2230956000000.0,16070000000000.0,14710189000000.0,1360000000000.0,678000000000.0,525659999999.99994,2301552000000.0,,5566835000000.0,-57005000000.0,797965000000.0,24305000000.0,-732397000000.0
PANR,257341000000.0,317067000000.0,906470000.0,892569000000.0,565668000000.0,4099999999999.9995,3677568000000.0,424380000000.0,211110000000.0,82530000000.0,675148000000.0,85120000000.0,1243648000000.0,-14282000000.0,-3840000000.0,8506000000.0,-54735000000.0
RALS,1121563000000.0,5983000000.0,280312000000.0,2452303000000.0,557005000000.0,2180000000000.0002,1112086000000.0,1060000000000.0,170980000000.0,239830000000.0,1063959000000.0,,3467483000000.0,-28481000000.0,610365000000.0,-95981000000.0,-388107000000.0
SCMA,1104004000000.0,2021596000000.0,1312961000000.0,6774495000000.0,2768356000000.0,7110000000000.0,4242135000000.0,2870000000000.0,1200000000000.0,986750000000.0,3018599000000.0,,7396923000000.0,-14766000000.0,1288050000000.0,-1038466000000.0,-612670000000.0
SMSM,1239077000000.0,1194669000000.0,1622458000000.0,4314777000000.0,982612000000.0,5430000000000.0,3393176000000.0,2040000000000.0,1540000000000.0,1140000000000.0,1188811000000.0,43058000000.0,4527732000000.0,-14038000000.0,1086143000000.0,-181892000000.0,-728387000000.0
SPTO,213260000000.0,561430000000.0,590739000000.0,1397402000000.0,701750000000.0,2830000000000.0,2028445000000.0,799120000000.0,338180000000.0,257550000000.0,911771000000.0,90971000000.0,2451375000000.0,-17047000000.0,383612000000.0,-58148000000.0,-266940000000.0
TOTO,213486000000.0,479431000000.0,862696000000.0,1592918000000.0,324750000000.0,2180000000000.0002,1654833000000.0,525090000000.00006,303520000000.0,270029999999.99997,862950000000.0,39793000000.0,2522303000000.0,-15303000000.0,233110000000.0,-73035000000.0,-326104000000.0
DVLA,471021000000.0,835956000000.0,542952000000.0,1927123000000.0,894814000000.0,2350000000000.0,1131801000000.0,1220000000000.0,173570000000.0,136229999999.99998,1106348000000.0,,1500083000000.0,-16670000.000000002,222642000000.0,-100990000000.0,-121282000000.0
EPMT,442589000000.0,5757128000000.0,5229456000000.0,12329514000000.0,5820547000000.0,35180000000000.0,31730816000000.0,3440000000000.0,1130000000000.0,830060000000.0,5966552000000.0,168900000.0,8303174000000.0,-13194000000.0,449271000000.0,-279559000000.0,-264045000000.0
HEAL,571787000000.0,1404235000000.0,130692000000.0,2224782000000.0,1750386000000.0,7350000000000.0,5044229000000.0,2310000000000.0,935660000000.0,397880000000.0,4895163000000.0,3022704000000.0,7097086000000.0,-230521000000.0,1208342000000.0,-1690342000000.0,-361440000000.0
KLBF,4831831000000.0,6582713000000.0,7923721000000.0,20983437000000.0,6654567000000.0,37720000000000.0,23626879000000.0,14100000000000.0,4620000000000.0,3610000000000.0,7314030000000.0,155334000000.0,25764068000000.0,-26852000000.0,3224025000000.0,-1105823000000.0,-1164146000000.0
MARK,43210000000.0,203547000000.0,216499000000.0,491881000000.0,117126000000.0,1030000000000.0,543451000000.0,485250000000.0,406460000000.0,336510000000.0,129890000000.0,,894635000000.0,-1115000000.0,329822000000.0,-43797000000.0,-389299000000.0
MIKA,2852487000000.0,765560000000.0,63310000000.0,3973599000000.0,1426924000000.0,5570000000000.0,2621641000000.0,2950000000000.0,1760000000000.0,1410000000000.0,1716946000000.0,7797000000.0,8266198000000.0,-17736000000.0,2079519000000.0,-819494000000.0,-648862000000.0
PRDA,542734000000.0,204706000000.0,48130000000.0,994798000000.0,185789000000.0,2370000000000.0,999317000000.0,1370000000000.0,247660000000.0,214690000000.0,301000000000.0,665000000.0,2341712000000.0,-1788000000.0,454972000000.0,-283663000000.0,-220241000000.0
SIDO,475644000000.0,539501000000.0,555860000000.0,1604795000000.0,213316000000.0,3720000000000.0,1652742000000.0,2060000000000.0,1200000000000.0,962390000000.0,265525000000.0,,2995174000000.0,-1407000000.0,1205337000000.0,-64091000000.0,-1274072000000.0
SILO,1226974000000.0,1929087000000.0,208570000000.0,3596776000000.0,4983701000000.0,13510000000000.0,8472485000000.0,5030000000000.0,1870000000000.0,1240000000000.0,5289391000000.0,,10543143000000.0,-116722000000.0,2474830000000.0,-1848574000000.0,-621412000000.0
TSPC,5367042000000.0,1438217000000.0,2457474000000.0,10029082000000.0,3447912000000.0,14520000000000.0,9021779000000.0,5490000000000.0,1780000000000.0,1480000000000.0,3981331000000.0,,10217104000000.0,-63008000000.0,1784671000000.0,-653494000000.0,-440708000000.0
ADMF,1391600000000.0,,,,,7950000000000.0,,7820000000000.0,,1850000000000.0,23146170000000.0,13982585000000.0,15471482000000.0,,1076566000000.0,282788000000.0,-1490085000000.0
AMAG,250267000000.0,,,,,3110000000000.0,,545080000000.00006,191770000000.0,188550000000.0,4172238000000.0,,2137172000000.0,,96719000000.0,41559000000.0,-199790000000.0
ASDM,11633000000.0,,,,,331320000000.0,,148950000000.0,21250000000.0,20210000000.0,813894000000.0,,361317000000.0,-542420000.0,9144000000.0,11830000000.0,-22576000000.0
BBCA,50668055000000.0,,,,,109300000000000.0,,107060000000000.0,,58060000000000.0,1389911590000000.0,460834000000.0,270667746000000.0,,-21951307000000.0,-81091981000000.0,92689041000000.0
BBNI,130455450000000.0,,,,,51940000000000.0,,51200000000000.0,,20700000000000.0,1292770492000000.0,79649108000000.0,168230665000000.0,,-183629706000000.0,-12385237000000.0,219376441000000.0
BBRI,111893188000000.0,,,,,165170000000000.0,,162990000000000.0,,61240000000000.0,1904771578000000.0,57485606000000.0,345062054000000.0,,-152576998000000.0,-55270094000000.0,130403661000000.0
BBTN,6725199000000.0,,,,,17540000000000.0,,16110000000000.0,,4200000000000.0,507603540000000.0,61162735000000.0,37557786000000.0,,-44024000000000.0,-14991342000000.0,55787642000000.0
BDMN,12853589000000.0,,,,,20000000000000.0,,20000000000000.0,,4560000000000.0,239897198000000.0,11159078000000.0,61406765000000.0,,-20193069000000.0,-5351266000000.0,29449152000000.0
BFIN,1392586000000.0,,,,,4570000000000.0,,4490000000000.0,,1650000000000.0,14114905000000.0,5749442000000.0,10945261000000.0,,2474911000000.0,-127663000000.0,-2208811000000.0
BMRI,108174975000000.0,,,,,143510000000000.0,,140950000000000.0,,62250000000000.0,2234544953000000.0,161718820000000.0,293023240000000.0,,-292997791000000.0,6080017000000.0,301980901000000.0
BRIS,21435451000000.0,,,,,25320000000000.0,,25320000000000.0,,7980000000000.0,413467216000000.0,1071488000000.0,51040621000000.0,,4693782000000.0,8969620000000.0,-1396627000000.0
DNAR,268873000000.0,,,,,594970000000.0,,567420000000.0,,223010000000.0,10471449000000.0,,3909715000000.0,,-1660736000000.0,-480402000000.0,1813266000000.0
NISP,6397479000000.0,,,,,12680000000000.0,,12680000000000.0,,5220000000000.0,285121210000000.0,178800000000.0,44373237000000.0,,-4609130000000.0,-27069408000000.0,20813560000000.0
PANS,14758000000.0,945160000000.0,,,,471560000000.0,,437230000000.0,,171930000000.0,722128000000.0,,1480979000000.0,,75858000000.0,-9746000000.0,-95714000000.0
BBYB,1272921000000.0,,,,,1450000000000.0,,1450000000000.0,,584490000000.0,13034025000000.0,,4419494000000.0,,3331483000000.0,-977632000000.0,-1117752000000.0
SRTG,1628593000000.0,130965000000.0,,1924565000000.0,28069000000.0,4410000000000.0,,4410000000000.0,4160000000000.0,3340000000000.0,3842183000000.0,1148188000000.0,53698231000000.0,-103056000000.0,2371042000000.0,-26775000000.0,-2734387000000.0
BKSL,234835000000.0,421269000000.0,2458736000000.0,5221257000000.0,2466982000000.0,3020000000000.0,1363137000000.0,1650000000000.0,1190000000000.0,905550000000.0,5739647000000.0,2163060000000.0,16080985000000.0,-252665000000.0,81315000000.0,-65211000000.0,61366000000.0
BSDE,8457918000000.0,148907000000.0,19554891000000.0,33093713000000.0,9307171000000.0,11150000000000.0,4165559000000.0,6980000000000.0,3100000000000.0,1860000000000.0,28788877000000.0,16541623000000.0,53154003000000.0,-1560457000000.0,-1307120000000.0,-5431992000000.0,6236916000000.0
CTRA,8602401000000.0,640676000000.0,12968412000000.0,25609470000000.0,11207086000000.0,11930000000000.0,6288805000000.0,5640000000000.0,3520000000000.0,2520000000000.0,19246061000000.0,6937524000000.0,27377459000000.0,-532993000000.0,148466000000.0,-1249453000000.0,-494015000000.0
DMAS,2085030000000.0,,4469553000000.0,6804302000000.0,1650127000000.0,2500000000000.0,788092000000.0,1710000000000.0,1450000000000.0,1560000000000.0,1778971000000.0,,7011513000000.0,-15201000000.0,1543458000000.0,-54325000000.0,-971070000.0
DUTI,3629034000000.0,23966000000.0,4000830000000.0,8743735000000.0,3162788000000.0,2970000000000.0,992970000000.0,1970000000000.0,942150000000.0,630510000000.0,3661515000000.0,,13188350000000.0,-116038000000.0,38873000000.0,-888046000000.0,738224000000.0
PWON,4461085000000.0,112718000000.0,4996815000000.0,11382688000000.0,3763209000000.0,7110000000000.0,3071464000000.0,4040000000000.0,2970000000000.0,2220000000000.0,10798964000000.0,5937498000000.0,26896753000000.0,-326275000000.0,3074783000000.0,-4608659000000.0,-1277846000000.0
RDTX,770906000000.0,22743000000.0,,,,600370000000.0,,402500000000.0,370220000000.0,417240000000.0,389099000000.0,,3454024000000.0,,508016000000.0,-38129000000.0,
SMRA,4838797000000.0,237113000000.0,11231096000000.0,17653615000000.0,16220045000000.0,8439999999999.999,4233374000000.0,4200000000000.0,2410000000000.0,595430000000.0,24913125000000.0,5566096000000.0,16390827000000.0,-1166423000000.0,1460341000000.0,-4332269000000.0,3966413000000.0
SSIA,1093013000000.0,1730909000000.0,391879000000.0,3537391000000.0,2274043000000.0,5660000000000.0,4132994000000.0,1530000000000.0,682760000000.0,205530000000.0,4544354000000.0,1648695000000.0,8481445000000.0,-147610000000.0,40003000000.0,-1572107000000.0,938208000000.0
BUKA,14249893000000.0,322348000000.0,277291000000.0,19319656000000.0,450671000000.0,7410000000000.0,6848648000000.0,566020000000.0,-2591650000000.0,1860000000000.0,573356000000.0,,24306458000000.0,-12070000000.0,351855000000.0,-2954160000000.0,-973082000000.0
EMTK,19853466000000.0,3261454000000.0,1963721000000.0,32631655000000.0,6746702000000.0,21120000000000.0,15708732000000.0,5410000000000.0,1330000000000.0,2240000000000.0,7898473000000.0,,51976961000000.0,-172742000000.0,3221573000000.0,-6540844000000.0,-357803000000.0
GOTO,23464625000000.0,4180358000000.0,63919000000.0,31221418000000.0,11963536000000.0,20760000000000.0,8306567000000.0,12450000000000.0,575230000000.0,1850000000.0,18495889000000.0,6220973000000.0,28980944000000.0,-670413000000.0,2643487000000.0,-30294000000.0,2821575000000.0
MSTI,932279000000.0,877661000000.0,773303000000.0,2897264000000.0,846420000000.0,5490000000000.0,4501715000000.0,984040000000.0,668120000000.0,557750000000.0,990801000000.0,21583000000.0,2169361000000.0,-8924000000.0,628296000000.0,45241000000.0,-396598000000.0
MTDL,1269398000000.0,4577326000000.0,6764880000000.0,14135267000000.0,8511547000000.0,29130000000000.0,26753501000000.0,2380000000000.0,1560000000000.0,833410000000.0,8834783000000.0,109013000000.0,6449314000000.0,-102323000000.0,-1713826000000.0,23997000000.0,1955717000000.0
PTSN,2920000.0,64269999.99999999,40450000.0,112930000.0,97650000.0,5630000000000.0,283360000.0,561470000000.0,293100000000.0,213860000000.0,125640000.0,21250000.0,129830000.00000001,-1610000.0,30260000.0,-37900000.0,-730000.0
WIRG,70615000000.0,672928000000.0,794260000.0,863492000000.0,481226000000.0,2400000000000.0,2112085000000.0,290370000000.0,101020000000.0,77010000000.0,586024000000.0,81572000000.0,939584000000.0,-15959000000.0,15723000000.0,-31994000000.0,-5996000000.0
CBDK,3425900000000.0,6707000000.0,6926734000000.0,11377102000000.0,7555753000000.0,3510000000000.0,740602000000.0,2770000000000.0,2550000000000.0,2530000000000.0,8750857000000.0,172459000000.0,13470142000000.0,-22103000000.0,178409000000.0,-945591000000.0,-356718000000.0
EXCL,2016214000000.0,4481676000000.0,148470000000.0,11709644000000.0,36867986000000.0,47340000000000.0,20954021000000.0,26390000000000.0,-1245460000000.0,-4197250000000.0,84499451000000.0,17899272000000.0,29046469000000.0,-3934662000000.0,22366453000000.0,-11084389000000.0,-10482261000000.0
ISAT,15781626000000.0,3693190000000.0,61201000000.0,26063253000000.0,39186201000000.0,60060000000000.0,26964826000000.0,33100000000000.0,12190000000000.0,7480000000000.0,98211011000000.0,11640856000000.0,40095477000000.0,-4219093000000.0,23738631000000.0,-11389423000000.0,-1864882000000.0
JKON,364202000000.0,1419888000000.0,458638000000.0,2453852000000.0,1108272000000.0,4720000000000.0,4050445000000.0,671450000000.0,224240000000.0,278040000000.0,1207102000000.0,44070000000.0,3400054000000.0,-6271000000.0,163774000000.0,-38429000000.0,-116948000000.0
JSMR,5812506000000.0,,172345000000.0,8681120000000.0,14960733000000.0,29320000000000.0,16630863000000.0,12690000000000.0,9520000000000.0,3510000000000.0,97078434000000.0,71538125000000.0,63459811000000.0,-3646380000000.0,6257647000000.0,-12229596000000.0,6312986000000.0
PGAS,1360000000.0,387350000.0,157180000.0,2088000000.0,1041000000.0,66769999999999.99,,12090000000000.0,9160000000000.0,4130000000000.0,2474000000.0,550150000.0,3728000000.0,-50400000.0,499550000.0,-118900000.0,-559280000.0
PGEO,656630000.0,170910000.0,28310000.0,865490000.0,198350000.0,8279999999999.999,,4320000000000.0005,3740000000000.0,2650000000000.0,961180000.0,721580000.0,2006000000.0,-30830000.0,321880000.0,-92480000.0,-293730000.0
POWR,123950000.0,58700000.0,66349999.99999999,430730000.0,60550000.0,9960000000000.0,,4410000000000.0,1980000000000.0,1240000000000.0,486250000.0,343570000.0,705530000.0,-20350000.0,140590000.0,-117890000.0,-71190000.0
TBIG,700340000000.0,1220893000000.0,,3601762000000.0,22381662000000.0,6920000000000.0,1972018000000.0,4950000000000.0,4330000000000.0,1440000000000.0,34691915000000.0,12039999000000.0,13550003000000.0,-2024612000000.0,5368178000000.0,-2884058000000.0,-2601365000000.0
TLKM,54579000000000.0,14270000000000.0,788000000000.0,80932000000000.0,102358000000000.0,149620000000000.0,59907000000000.0,89710000000000.0,36190000000000.0,17960000000000.0,168239000000000.0,27622000000000.0,134848000000000.0,-4638000000000.0,66131000000000.0,-25468000000000.0,-20180000000000.0
TOWR,941560000000.0,3950777000000.0,954383000000.0,6456210000000.0,31639656000000.0,14140000000000.0,1582798000000.0,12560000000000.0,7880000000000.0,3880000000000.0,52754673000000.0,19245405000000.0,29087795000000.0,-2605234000000.0,8836275000000.0,-3423555000000.0,-5252710000000.0
NRCA,583017000000.0,1843583000000.0,788360000.0,2466575000000.0,1386155000000.0,3610000000000.0,3193711000000.0,418920000000.0,278540000000.0,192010000000.0,1524667000000.0,12901000000.0,1359730000000.0,-24976000000.0,62691000000.0,-94410000000.0,28594000000.0
CDIA,420330000.0,19090000.0,3130000.0,677390000.0,62080000.0,2920000000000.0,,626370000000.0,290510000000.0,1260000000000.0,826280000.0,753650000.0,1107000000.0,-37390000.0,-6010000.0,-521669999.99999994,613650000.0
ASSA,1124492000000.0,907497000000.0,158359000000.0,2422130000000.0,2456397000000.0,6220000000000.0,4155520000000.0,2060000000000.0,986030000000.0,413420000000.0,5620654000000.0,2781641000000.0,3395270000000.0,-289445000000.0,1097842000000.0,-534067000000.0,-359331000000.0
HAIS,84315000000.0,195237000000.0,22105000000.0,344245000000.0,276669000000.0,818060000000.0,626166000000.0,191900000000.0,111760000000.0,71100000000.0,747992000000.0,453861000000.0,831545000000.0,-29957000000.0,211897000000.0,-459191000000.0,227074000000.0
IPCC,1110987000000.0,83523000000.0,,1218683000000.0,318530000000.0,927910000000.0,546216000000.0,381690000000.0,311730000000.0,245950000000.0,739396000000.0,,1306448000000.0,-35669000000.0,366779000000.0,-1021000000.0,-217141000000.0
IPCM,546829000000.0,356451000000.0,24537000000.0,1063983000000.0,426828000000.0,1490000000000.0,1095462000000.0,395020000000.0,219530000000.0,174450000000.0,428788000000.0,,1325567000000.0,-8423000000.0,379038000000.0,-26671000000.0,-262651000000.0
MAHA,270881000000.0,706991000000.0,68717000000.0,1055810000000.0,633153000000.0,3340000000000.0,2641254000000.0,701350000000.0,551690000000.0,371760000000.0,994582000000.0,35833000000.0,1845897000000.0,-49033000000.0,672867000000.0,-154282000000.0,-518892000000.0
NELY,48073000000.0,22734000000.0,28084000000.0,329660000000.0,101560000000.0,283270000000.0,272069000000.0,11210000000.0,-16440000000.000002,-23270000000.0,235920000000.0,131070000000.0,877625000000.0,-17865000000.0,110724000000.0,-119957000000.0,-80346000000.0
SMDR,370100000.0,148130000.0,5830000.0,694750000.0,300700000.0,15110000000000.0,695020000.0,2670000000000.0,1670000000000.0,988720000000.0,694200000.0,260910000.00000003,787780000.0,-32080000.0,162080000.0,-130880000.0,-29220000.0
TEBE,433413000000.0,27465000000.0,10638000000.0,507467000000.0,39564000000.0,489160000000.0,316010000000.0,173150000000.0,150770000000.0,125120000000.0,50952000000.0,,1043893000000.0,-26530000.0,128331000000.0,6588000000.0,-200460000000.0
TMAS,381401000000.0,459031000000.0,234317000000.0,1196480000000.0,1024439000000.0,4960000000000.0,3927448000000.0,1030000000000.0,865420000000.0,654590000000.0,2646490000000.0,1459081000000.0,3350394000000.0,-97264000000.0,1005580000000.0,-1329696000000.0,289102000000.0
TPMA,9960000.0,25810000.0,3620000.0,42830000.0,44710000.0,2180000000000.0002,94430000.0,493810000000.0,346050000000.0,205700000000.0,134039999.99999999,87880000.0,143450000.0,-7520000.0,29250000.0,-55880000.0,20970000.0
BBRM,13640000.0,2960000.0,110000.0,22640000.0,2200000.0,242960000000.0,6810000.0,121120000000.0,104470000000.0,117290000000.0,7850000.0,5630000.0,47280000.0,-320000.0,7140000.0,-3850000.0,-1290000.0
BOAT,490000.0,3350000.0,220000.0,5310000.0,5080000.0,311470000000.0,13590000.0,68310000000.0,50510000000.0,37140000000.0,11730000.0,6560000.0,23840000.0,-550000.0,7230000.0,-5420000.0,-1650000.0
BULL,19640000.0,29570000.0,4570000.0,74340000.0,124520000.0,2540000000000.0,102300000.0,808710000000.0,672460000000.0,554730000000.0,190270000.0,63700000.0,217510000.0,-8700000.0,40600000.0,-41780000.0,15260000.0
