Ticker,Trend (MA),MA200 Status,Sinyal Teknikal,RSI (14),MACD Line,MACD Signal,Flow 1D,Flow 2D,Flow 3D,Flow 4D,Flow 1W,Flow 1M,Flow 3M,Flow 6M
AADI,UPTREND,ABOVE MA200,TERKONFIRMASI,56.21,257.36,278.25,-820.37 M,-940.53 M,+481.57 M,+3.60 B,+6.93 B,-12.26 B,+45.89 B,-59.44 B
ADRO,DOWNTREND,ABOVE MA200,DEATH CROSS 🩸,48.38,-16.15,-17.1,-298.63 M,-298.63 M,+19.43 M,+3.10 B,+5.79 B,-10.20 B,+2.59 B,-45.15 B
AKRA,UPTREND,ABOVE MA200,TERKONFIRMASI,50.3,11.57,11.67,-127.86 M,-252.56 M,+52.26 M,+387.98 M,+557.09 M,-595.83 M,+4.08 B,-152.07 M
BSSR,UPTREND,ABOVE MA200,TERKONFIRMASI,53.03,108.6,145.0,-46.80 M,+82.31 M,+262.11 M,-106.75 M,+646.93 M,+5.35 B,+6.90 B,+7.02 B
BUMI,UPTREND,BELOW MA200,TERKONFIRMASI,41.13,-4.91,-3.61,-5.49 B,-10.77 B,+3.61 B,+8.15 B,+17.14 B,-103.53 B,+321.42 B,-25.22 B
BYAN,DOWNTREND,BELOW MA200,TERKONFIRMASI,48.35,-168.89,-264.41,-315.55 M,-6.36 B,+536.60 M,+1.27 B,+1.33 B,+19.41 B,+34.34 B,+35.84 B
ELSA,DOWNTREND,BELOW MA200,TERKONFIRMASI,37.42,-19.0,-14.14,-18.28 M,-43.95 M,+163.23 M,+163.23 M,+293.36 M,-2.97 B,+1.16 B,+18.00 B
ENRG,DOWNTREND,BELOW MA200,TERKONFIRMASI,35.13,-80.52,-62.2,-4.65 B,-7.40 B,-1.45 B,-5.10 B,-2.88 B,-43.14 B,-37.49 B,-28.81 B
GEMS,UPTREND,ABOVE MA200,TERKONFIRMASI,79.88,390.62,260.58,+28.00 M,+118.11 M,+140.85 M,+175.26 M,+346.20 M,+1.44 B,+1.70 B,+1.15 B
INDY,UPTREND,BELOW MA200,TERKONFIRMASI,48.82,-14.97,-8.47,-538.43 M,-248.41 M,+1.74 B,+1.98 B,+1.73 B,+2.45 B,+40.40 B,+27.90 B
ITMG,UPTREND,ABOVE MA200,TERKONFIRMASI,50.52,-5.65,-6.6,-118.20 M,-332.26 M,+278.12 M,+586.43 M,+1.21 B,-1.32 B,+2.26 B,-6.61 B
KKGI,UPTREND,BELOW MA200,TERKONFIRMASI,46.14,-1.04,1.19,-5.54 M,-9.70 M,+6.64 M,+20.39 M,+13.79 M,+183.29 M,+320.61 M,+87.21 M
MCOL,DOWNTREND,BELOW MA200,TERKONFIRMASI,42.97,-41.1,-37.19,+552000,+1.48 M,-18.94 M,-18.41 M,-18.73 M,-30.07 M,-49.12 M,-95.50 M
MEDC,UPTREND,BELOW MA200,TERKONFIRMASI,47.47,-5.4,3.8,-832.62 M,-280.13 M,+631.10 M,+1.16 B,+1.05 B,-10.18 B,+13.19 B,-42.89 B
MYOH,DOWNTREND,BELOW MA200,TERKONFIRMASI,34.53,-26.53,-24.02,0,-420000,-420000,-133000,-133000,-4.30 M,+375.59 M,+327.62 M
PTBA,UPTREND,ABOVE MA200,TERKONFIRMASI,68.16,144.48,135.94,-608.59 M,-1.30 B,+9.09 B,+13.97 B,+18.58 B,+21.79 B,+84.03 B,+73.99 B
SICO,UPTREND,BELOW MA200,TERKONFIRMASI,51.42,0.44,0.2,-5.30 M,-5.30 M,-35.23 M,+446.87 M,+444.22 M,+472.13 M,+1.50 B,+1.56 B
TOBA,DOWNTREND,BELOW MA200,TERKONFIRMASI,37.07,-18.86,-15.59,-38.33 M,-73.79 M,-12.18 M,+29.75 M,+23.64 M,-738.59 M,+6.68 B,+7.26 B
AMMN,UPTREND,BELOW MA200,TERKONFIRMASI,43.18,-44.77,6.66,-8.96 B,-7.36 B,+18.36 B,+16.32 B,+5.41 B,-44.71 B,+123.43 B,+257.14 B
ANTM,UPTREND,BELOW MA200,TERKONFIRMASI,49.12,11.91,18.74,-1.86 B,-2.53 B,-137.38 M,+2.19 B,+2.74 B,-9.54 B,+73.71 B,-185.41 B
AVIA,DOWNTREND,BELOW MA200,TERKONFIRMASI,47.65,-2.88,-3.04,0,-31.12 M,-1.26 M,+158.68 M,+196.57 M,-374.10 M,+728.92 M,+122.99 M
BRMS,UPTREND,BELOW MA200,TERKONFIRMASI,37.6,-26.6,-18.06,-1.70 B,-1.70 B,-802.35 M,+5.12 B,+9.39 B,-11.73 B,+124.94 B,+81.57 B
BRPT,DOWNTREND,BELOW MA200,TERKONFIRMASI,29.77,-84.07,-80.17,-1.02 B,-3.24 B,-3.43 B,-521.63 M,-36.18 M,-16.69 B,+19.38 B,+490.25 B
CITA,UPTREND,BELOW MA200,TERKONFIRMASI,49.36,-0.22,11.41,+263000,-2.62 M,+1.63 M,+3.35 M,+3.35 M,-20.36 M,+27.40 M,-830.67 M
CLPI,UPTREND,ABOVE MA200,TERKONFIRMASI,46.06,-3.34,-1.73,+760000,-656000,-656000,-342000,+53500,-2.63 M,+21.37 M,-598.04 M
DKFT,DOWNTREND,BELOW MA200,TERKONFIRMASI,54.22,-2.84,-4.24,+84.31 M,+64.44 M,+48.65 M,+176.45 M,+176.45 M,-169.95 M,+356.04 M,-1.44 B
ESSA,DOWNTREND,BELOW MA200,TERKONFIRMASI,41.85,-16.1,-16.5,0,-110.39 M,+44.89 M,-122.81 M,+1.03 B,-9.73 B,+36.15 B,+54.81 B
FWCT,DOWNTREND,BELOW MA200,TERKONFIRMASI,42.28,-3.09,-2.98,0,0,+5.21 M,+5.21 M,+5.21 M,-233.86 M,+2.71 B,+8.06 B
GDST,UPTREND,ABOVE MA200,TERKONFIRMASI,47.15,-1.38,-0.57,-730300,-730300,+12.54 M,+14.86 M,+16.25 M,+3.42 B,+9.89 B,+13.44 B
GGRP,UPTREND,ABOVE MA200,TERKONFIRMASI,69.3,16.41,13.71,-10.11 M,-28.05 M,+17.94 M,+30.00 M,+36.52 M,+551.96 M,+658.75 M,+751.26 M
INCO,DOWNTREND,BELOW MA200,TERKONFIRMASI,41.93,-181.49,-173.48,+3.65 B,+3.10 B,+3.30 B,+4.49 B,+4.72 B,-3.03 B,-2.12 B,-53.35 B
INKP,DOWNTREND,BELOW MA200,TERKONFIRMASI,47.4,-112.56,-110.72,+33.45 M,-140.83 M,+589.82 M,+786.76 M,+855.73 M,-3.79 B,+6.92 B,-34.80 B
INTP,DOWNTREND,BELOW MA200,TERKONFIRMASI,42.53,-87.4,-75.76,-2.06 M,-90.39 M,-60.35 M,+117.95 M,+180.28 M,-590.74 M,+1.87 B,-2.61 B
ISSP,DOWNTREND,BELOW MA200,TERKONFIRMASI,55.42,-2.98,-5.94,-21.62 M,+87.19 M,+142.11 M,+267.46 M,+267.46 M,-7.16 M,+254.33 M,-180.43 M
MBMA,DOWNTREND,BELOW MA200,TERKONFIRMASI,41.33,-12.86,-10.77,-232.27 M,-889.89 M,-191.91 M,+621.40 M,-189.17 M,-2.35 B,+28.88 B,-33.46 B
MDKA,UPTREND,BELOW MA200,TERKONFIRMASI,49.28,-0.74,4.08,-74.25 M,-602.42 M,+76.86 M,+2.51 B,+3.03 B,+6.70 B,+53.99 B,+8.31 B
MINE,UPTREND,BELOW MA200,TERKONFIRMASI,48.33,2.32,5.66,0,-1.62 M,-352400,+848000,+383000,+154.27 M,+966.99 M,+825.91 M
NCKL,DOWNTREND,BELOW MA200,TERKONFIRMASI,40.23,-20.39,-15.58,-64.93 M,-137.30 M,+555.18 M,+555.18 M,+7.14 M,-4.69 B,+7.26 B,-41.50 B
NICL,DOWNTREND,BELOW MA200,TERKONFIRMASI,29.64,-31.48,-27.92,0,-253.16 M,+614.87 M,+614.87 M,+759.21 M,-3.24 B,-2.02 B,-7.63 B
PBID,UPTREND,ABOVE MA200,TERKONFIRMASI,51.74,-0.34,-0.44,0,0,0,+4.31 M,+4.31 M,-10.91 M,+391.34 M,+105.21 M
PSAB,UPTREND,BELOW MA200,TERKONFIRMASI,39.32,-9.79,-5.74,-426.28 M,-738.56 M,-738.56 M,-79.28 M,+261.72 M,-4.38 B,+59.34 B,+61.92 B
SAMF,UPTREND,ABOVE MA200,TERKONFIRMASI,54.06,8.19,6.64,-1.89 M,-5.17 M,-10.47 M,-39.26 M,+787.83 M,+784.63 M,+887.00 M,+869.79 M
SMGR,DOWNTREND,BELOW MA200,DEATH CROSS 🩸,51.18,-20.08,-19.49,+222.06 M,+260.68 M,+481.85 M,+577.02 M,+1.30 B,-5.92 B,+31.33 B,+8.54 B
SRSN,UPTREND,ABOVE MA200,TERKONFIRMASI,65.17,12.24,12.05,-452.87 M,+88.01 M,-1.07 B,+5.04 B,+5.39 B,+48.24 B,+73.62 B,+79.65 B
TINS,UPTREND,ABOVE MA200,TERKONFIRMASI,52.17,86.94,128.63,-328.32 M,-1.71 B,-737.07 M,-737.07 M,+129.47 M,-6.46 B,+111.42 B,+42.15 B
TKIM,UPTREND,BELOW MA200,TERKONFIRMASI,46.12,-116.19,-107.69,0,-81.96 M,+146.08 M,+249.43 M,+381.00 M,-2.12 B,+11.74 B,-21.73 B
TPIA,DOWNTREND,BELOW MA200,TERKONFIRMASI,34.62,-64.19,-62.14,-3.52 B,-6.18 B,-2.23 B,-633.66 M,-2.72 B,-27.01 B,+123.35 B,-437.61 B
BLES,UPTREND,ABOVE MA200,TERKONFIRMASI,52.04,0.23,-0.4,-34.81 M,-34.81 M,+9.73 M,+75.89 M,+102.56 M,-85.83 M,+2.44 B,+2.41 B
DGWG,UPTREND,BELOW MA200,TERKONFIRMASI,51.17,-0.17,-0.97,-52.46 M,-26.10 M,+71.32 M,+71.32 M,+200.89 M,+43.64 M,+1.31 B,+768.42 M
FPNI,UPTREND,BELOW MA200,TERKONFIRMASI,48.25,-5.1,-3.52,-10.62 M,-37.93 M,+67.33 M,+282.07 M,+285.22 M,+1.77 B,+18.33 B,+19.06 B
PART,UPTREND,ABOVE MA200,TERKONFIRMASI,62.06,4.99,3.54,-146.47 M,+209.81 M,+41.55 M,+382.99 M,+473.38 M,+3.61 B,+4.35 B,+5.01 B
SMGA,UPTREND,BELOW MA200,TERKONFIRMASI,54.08,0.85,0.97,0,-4.67 M,-4.67 M,+3.03 M,+7.68 M,+139.39 M,+2.06 B,+2.34 B
ABMM,UPTREND,BELOW MA200,TERKONFIRMASI,50.92,-19.84,-20.31,-12.22 M,+7.25 M,+34.71 M,+37.86 M,+69.17 M,-359.47 M,-82.48 M,-1.66 B
ASII,DOWNTREND,BELOW MA200,TERKONFIRMASI,51.96,-32.67,-45.89,+520.63 M,-218.34 M,+2.27 B,+9.44 B,+13.58 B,-8.39 B,+6.48 B,-143.89 B
HEXA,DOWNTREND,BELOW MA200,TERKONFIRMASI,23.06,-233.07,-206.77,-1.88 M,+2.07 M,+2.07 M,+11.25 M,+57.63 M,-2.76 B,-2.71 B,-2.83 B
JTPE,DOWNTREND,BELOW MA200,TERKONFIRMASI,41.93,-6.8,-6.61,-1.09 M,-1.09 M,+4.48 M,-1.27 M,+6.35 M,-57.63 M,-30.58 M,+475.96 M
KBLI,UPTREND,ABOVE MA200,TERKONFIRMASI,63.96,6.8,5.84,-2.01 M,+19.22 M,+20.87 M,+22.51 M,+25.57 M,+794.14 M,+778.81 M,+748.06 M
KUAS,DOWNTREND,BELOW MA200,DEATH CROSS 🩸,44.12,-2.35,-1.66,-6.75 M,-10.82 M,-4.37 M,+23.10 M,+17.63 M,-1.74 B,+3.99 B,+4.17 B
MSJA,UPTREND,ABOVE MA200,TERKONFIRMASI,62.51,62.53,78.62,-42.25 M,-143.89 M,-416.38 M,-76.82 M,+108.65 M,-989.60 M,+11.41 B,+9.75 B
PBSA,DOWNTREND,BELOW MA200,TERKONFIRMASI,52.12,-2.24,-6.4,-4.84 M,+4.41 M,+48.01 M,+61.30 M,+55.64 M,+397.02 M,+2.06 B,+912.28 M
SCCO,UPTREND,ABOVE MA200,TERKONFIRMASI,60.07,59.93,60.31,-115000,+1.99 M,+3.18 M,+3.18 M,+1.90 M,+1.45 B,+1.51 B,+1.52 B
SKRN,UPTREND,BELOW MA200,TERKONFIRMASI,37.06,-2.3,2.04,-5.18 M,-5.42 M,-5.19 M,-14.86 M,-15.00 M,-10.56 M,+14.80 M,+100.94 M
TOTL,UPTREND,ABOVE MA200,TERKONFIRMASI,47.06,13.51,29.67,-19.36 M,-25.04 M,-96.47 M,-116.42 M,+3.23 M,+600.75 M,+4.27 B,+2.59 B
UNTR,UPTREND,BELOW MA200,TERKONFIRMASI,46.06,154.97,192.73,-962.78 M,-2.84 B,-1.85 B,-3.38 B,-4.30 B,+1.84 B,-2.23 B,-42.90 B
CARS,UPTREND,ABOVE MA200,TERKONFIRMASI,38.03,-0.71,1.61,-3.12 M,-3.12 M,-3.12 M,-9.17 M,-9.17 M,-81.53 M,+406.83 M,+232.18 M
GJTL,DOWNTREND,ABOVE MA200,DEATH CROSS 🩸,42.64,-19.22,-18.35,-29.88 M,-42.25 M,-68.80 M,+66.98 M,+220.40 M,-100.46 M,+5.43 B,+4.83 B
MPPA,DOWNTREND,BELOW MA200,TERKONFIRMASI,54.97,-1.53,-2.1,+36.96 M,+36.96 M,+49.66 M,+49.66 M,+49.66 M,-146.18 M,-103.22 M,-916.63 M
AALI,UPTREND,ABOVE MA200,TERKONFIRMASI,57.12,100.46,78.17,-225.09 M,-156.42 M,+98.42 M,+438.90 M,+1.31 B,-2.94 B,+1.80 B,-6.25 B
AMRT,DOWNTREND,BELOW MA200,TERKONFIRMASI,37.88,-22.17,-16.34,+342.88 M,-186.84 M,-369.14 M,-467.65 M,-1.59 B,-4.68 B,-6.19 B,-68.80 B
BUDI,UPTREND,ABOVE MA200,TERKONFIRMASI,43.7,-0.94,-0.27,-6000,+78200,-161800,-136600,-571800,-1.02 M,+123.06 M,+112.84 M
CLEO,UPTREND,ABOVE MA200,TERKONFIRMASI,58.01,3.98,3.58,+35.72 M,+35.72 M,-70.80 M,+141.35 M,+159.45 M,+168.12 M,+1.55 B,+1.18 B
CMRY,DOWNTREND,BELOW MA200,TERKONFIRMASI,47.31,-43.86,-54.34,-6.71 M,+80.71 M,+75.61 M,+107.29 M,+121.50 M,+646.67 M,+1.03 B,-635.52 M
CPIN,DOWNTREND,BELOW MA200,TERKONFIRMASI,38.6,-58.07,-46.6,-61.34 M,-116.01 M,+175.29 M,+175.29 M,+609.12 M,-11.20 B,-12.25 B,-43.42 B
DSNG,UPTREND,ABOVE MA200,TERKONFIRMASI,42.51,-4.45,12.27,-64.65 M,-123.62 M,-144.54 M,-144.54 M,-89.45 M,-949.51 M,+3.12 B,-7.36 B
GGRM,DOWNTREND,ABOVE MA200,TERKONFIRMASI,35.31,-607.29,-616.31,0,-40.20 M,-11.09 M,+66.86 M,+488.58 M,-3.43 B,+7.92 B,+19.50 B
HMSP,DOWNTREND,BELOW MA200,TERKONFIRMASI,34.79,-24.64,-25.97,+16.44 M,+16.44 M,+70.83 M,+149.35 M,+279.11 M,-9.13 B,-8.30 B,-7.42 B
ICBP,DOWNTREND,BELOW MA200,TERKONFIRMASI,42.38,-126.29,-145.11,0,-23.12 M,-86.40 M,+60.49 M,+292.69 M,-3.19 B,-1.88 B,+123.00 M
INDF,DOWNTREND,ABOVE MA200,TERKONFIRMASI,44.96,-93.77,-103.87,-141.16 M,+140.84 M,+140.84 M,+184.00 M,+436.19 M,-3.09 B,+4.35 B,+473.00 M
JPFA,DOWNTREND,BELOW MA200,TERKONFIRMASI,35.03,-62.89,-46.32,-77.41 M,+37.19 M,+117.00 M,+182.77 M,-445.82 M,-3.81 B,-107.71 M,-23.39 B
LSIP,UPTREND,ABOVE MA200,TERKONFIRMASI,37.07,-28.25,-10.83,-131.43 M,-131.43 M,-51.90 M,+117.55 M,+250.07 M,-4.78 B,+5.25 B,-1.44 B
MIDI,DOWNTREND,BELOW MA200,TERKONFIRMASI,47.92,-4.61,-4.95,+6.99 M,+6.99 M,+10.08 M,+39.70 M,+26.08 M,+91.06 M,-166.85 M,-1.46 B
MLBI,UPTREND,ABOVE MA200,TERKONFIRMASI,51.98,5.24,4.99,0,0,+150000,-220000,-725000,+44.26 M,+360.67 M,+791.03 M
MYOR,DOWNTREND,BELOW MA200,TERKONFIRMASI,30.96,-53.28,-53.17,+22.81 M,-433.68 M,-289.57 M,-212.13 M,-212.13 M,-2.72 B,-7.17 B,-4.86 B
NSSS,DOWNTREND,BELOW MA200,TERKONFIRMASI,41.32,-30.07,-33.15,-25.00 M,-66.43 M,-4.90 M,+63.58 M,+84.67 M,-96.93 M,+4.88 B,+6.98 B
PNGO,DOWNTREND,ABOVE MA200,TERKONFIRMASI,49.41,-11.79,-5.7,-18000,+180000,+345000,-265000,-760000,-2.52 M,+153000,+27.18 M
ROTI,DOWNTREND,BELOW MA200,TERKONFIRMASI,35.7,-6.4,-5.49,-774000,-1.54 M,+573000,+1.48 M,+3.45 M,-25.14 M,-88.71 M,-753.31 M
TAPG,UPTREND,ABOVE MA200,TERKONFIRMASI,44.99,-28.21,-13.29,-59.37 M,-114.22 M,+327.29 M,+693.20 M,+786.57 M,-8.06 B,+23.27 B,-6.94 B
TBLA,DOWNTREND,BELOW MA200,TERKONFIRMASI,43.95,-6.67,-6.47,+1.34 M,-6.18 M,-3.84 M,-3.84 M,+4.46 M,-58.82 M,-227.65 M,-605.02 M
TLDN,UPTREND,ABOVE MA200,TERKONFIRMASI,53.84,0.8,1.91,+6.39 M,+6.39 M,+14.77 M,+14.77 M,+48.31 M,-27.20 M,+619.80 M,+509.99 M
WIIM,DOWNTREND,BELOW MA200,TERKONFIRMASI,47.57,-26.51,-37.68,-11.51 M,-35.56 M,+233.59 M,+264.60 M,+304.48 M,-606.47 M,-1.01 B,-655.86 M
YUPI,DOWNTREND,BELOW MA200,TERKONFIRMASI,34.56,-28.16,-24.82,+121000,+100500,+142500,-197500,-197500,-2.17 M,+74.42 M,-596.33 M
BWPT,UPTREND,BELOW MA200,TERKONFIRMASI,43.44,-2.05,-0.29,-62.14 M,-220.93 M,+166600,+97.53 M,+231.89 M,-3.39 B,+130.45 B,+126.35 B
GZCO,UPTREND,BELOW MA200,TERKONFIRMASI,38.39,-4.78,-3.01,-32.22 M,-46.51 M,-30.33 M,+14.80 M,+1.79 M,-315.05 M,+15.46 B,+14.41 B
SIMP,DOWNTREND,BELOW MA200,TERKONFIRMASI,39.22,-11.63,-9.16,-11.95 M,-49.09 M,-21.60 M,-21.60 M,+140.80 M,-701.57 M,+2.06 B,-12.40 B
STAA,UPTREND,ABOVE MA200,TERKONFIRMASI,57.19,14.32,12.58,-10.94 M,-49.70 M,-64.83 M,+143.07 M,+312.95 M,+165.07 M,+2.32 B,+1.02 B
ACES,DOWNTREND,BELOW MA200,TERKONFIRMASI,33.11,-7.76,-6.07,+17.71 M,+17.71 M,-29.42 M,+58.02 M,+491200,-758.80 M,-428.54 M,-1.11 B
AUTO,UPTREND,ABOVE MA200,TERKONFIRMASI,56.35,56.66,65.62,-80.91 M,-11.43 M,-218.98 M,+130.22 M,+332.42 M,+373.52 M,+6.00 B,+5.39 B
EAST,DOWNTREND,BELOW MA200,TERKONFIRMASI,52.86,-0.04,-0.21,-982900,-485200,+1.52 M,+1.52 M,+1.52 M,+545200,+1.56 M,-28.72 M
ERAA,UPTREND,ABOVE MA200,TERKONFIRMASI,57.64,20.45,25.68,-480.72 M,-2.06 B,-1.60 B,-398.99 M,-83.46 M,+6.53 B,+83.38 B,+80.12 B
KDSI,UPTREND,ABOVE MA200,TERKONFIRMASI,55.49,1.84,1.48,0,+66600,+38600,+38600,+38600,-203400,-119200,-207000
LPIN,UPTREND,ABOVE MA200,TERKONFIRMASI,62.08,3.22,2.32,-171600,+4.73 M,+10.58 M,+10.89 M,+10.89 M,+11.19 M,+12.74 M,-80.63 M
MAPI,DOWNTREND,ABOVE MA200,TERKONFIRMASI,56.8,19.25,12.42,-29.22 M,-29.22 M,+3.72 B,+3.72 B,+3.75 B,+6.30 B,+7.94 B,+28.52 B
MNCN,DOWNTREND,BELOW MA200,TERKONFIRMASI,27.41,-20.65,-18.96,-29.34 M,-235.22 M,+315.00 M,+512.59 M,+460.10 M,-16.78 B,-16.06 B,-19.80 B
MPMX,UPTREND,ABOVE MA200,TERKONFIRMASI,49.85,0.17,0.57,-8.95 M,-8.95 M,+2.90 M,+24.11 M,+35.62 M,-62.36 M,+119.94 M,-1.37 B
PANR,DOWNTREND,BELOW MA200,TERKONFIRMASI,34.27,-6.0,-5.48,-17600,-17600,+21800,-37400,-6600,-2.28 M,-1.56 M,-20.91 M
RALS,UPTREND,BELOW MA200,TERKONFIRMASI,42.19,-1.96,-1.33,0,0,-1.75 M,+1.09 M,+5.24 M,-22.94 M,+8.40 M,-1.22 B
SCMA,DOWNTREND,BELOW MA200,TERKONFIRMASI,42.35,-5.88,-7.03,0,-42.21 M,+28.07 M,+385.23 M,+415.95 M,-6.00 B,-5.72 B,-8.74 B
SMSM,DOWNTREND,BELOW MA200,TERKONFIRMASI,44.64,-10.2,-11.62,-18.84 M,-9.35 M,+5.18 M,+16.74 M,+22.49 M,-253.65 M,-340.42 M,-649.96 M
SPTO,DOWNTREND,BELOW MA200,DEATH CROSS 🩸,48.52,-0.29,-0.52,-213500,-213500,+4.26 M,+9.37 M,+7.32 M,-13.42 M,+10.51 M,-361.98 M
TOTO,UPTREND,BELOW MA200,TERKONFIRMASI,50.29,0.37,0.69,0,0,0,0,0,+3.50 M,-39.48 M,-176.89 M
DVLA,DOWNTREND,BELOW MA200,DEATH CROSS 🩸,44.69,-0.83,-0.62,-50500,-50500,-50500,-50500,+107500,-152500,+2.29 M,+3.94 M
EPMT,UPTREND,ABOVE MA200,TERKONFIRMASI,67.76,53.17,59.26,0,-21000,+278000,+278000,+1.92 M,+145.93 M,+177.86 M,+167.14 M
HEAL,DOWNTREND,BELOW MA200,TERKONFIRMASI,32.72,-26.26,-26.37,-7.93 M,-75.42 M,-171.30 M,+57.37 M,+126.61 M,-1.03 B,-6.77 B,-11.66 B
KLBF,DOWNTREND,BELOW MA200,TERKONFIRMASI,53.45,-5.22,-8.54,+100.89 M,+100.89 M,+321.47 M,+1.15 B,+1.26 B,+927.25 M,+23.57 B,+13.59 B
MARK,UPTREND,ABOVE MA200,TERKONFIRMASI,53.71,23.16,25.15,-110.23 M,-269.38 M,-168.78 M,+707.16 M,+530.71 M,+1.86 B,+4.55 B,+15.78 B
MIKA,DOWNTREND,BELOW MA200,TERKONFIRMASI,39.97,-33.92,-32.94,-888000,-1.73 M,-4.15 M,+7.45 M,+7.45 M,-441.83 M,+803.99 M,-3.67 B
PRDA,UPTREND,ABOVE MA200,TERKONFIRMASI,71.53,76.52,68.95,-4.04 M,+33.70 M,+235.75 M,+288.64 M,+276.55 M,+319.74 M,+870.83 M,+683.41 M
SIDO,DOWNTREND,BELOW MA200,TERKONFIRMASI,53.68,-0.6,-1.39,0,0,+27.65 M,+115.42 M,+115.42 M,+59.55 M,-1.51 B,-10.28 B
SILO,DOWNTREND,BELOW MA200,TERKONFIRMASI,35.7,-55.86,-49.3,-4.31 M,+6.20 M,-47.26 M,-106.41 M,-108.89 M,-59.22 M,+103.95 M,-186.93 M
TSPC,DOWNTREND,BELOW MA200,TERKONFIRMASI,38.53,-26.43,-23.01,-5.72 M,-12.59 M,-1.36 M,+3.10 M,+15.29 M,-31.32 M,+152.07 M,+125.84 M
ADMF,DOWNTREND,BELOW MA200,DEATH CROSS 🩸,41.14,-80.15,-57.12,0,0,0,+6.47 M,+2.12 M,-284.73 M,-141.50 M,+296.58 M
AMAG,DOWNTREND,BELOW MA200,TERKONFIRMASI,51.97,-0.33,-0.61,0,0,+46600,-39000,+101000,-1.68 M,+13.08 M,-22.90 M
ASDM,DOWNTREND,BELOW MA200,TERKONFIRMASI,54.9,-1.29,-1.75,+3000,+3000,+3000,+13500,+13500,-151500,+1.70 M,-73.39 M
BBCA,DOWNTREND,BELOW MA200,TERKONFIRMASI,39.11,-92.21,-76.29,0,-8.13 B,-19.55 B,-12.81 B,+386.65 M,-43.34 B,+13.34 B,-109.20 B
BBKP,DOWNTREND,BELOW MA200,TERKONFIRMASI,35.68,-3.03,-2.85,-96.08 M,+487.00 M,+570.22 M,+861.63 M,+861.63 M,-1.82 B,-2.08 B,-3.28 B
BBNI,DOWNTREND,BELOW MA200,TERKONFIRMASI,34.34,-78.35,-66.58,-178.34 M,-513.10 M,-513.10 M,+558.40 M,+828.82 M,-7.83 B,+31.03 B,+36.82 B
BBRI,UPTREND,BELOW MA200,TERKONFIRMASI,40.37,-35.09,-19.65,-2.02 B,+634.37 M,-757.33 M,+4.66 B,+1.25 B,-34.82 B,+167.75 B,-32.68 B
BBTN,DOWNTREND,BELOW MA200,TERKONFIRMASI,30.77,-38.18,-34.65,-36.91 M,-178.44 M,+135.91 M,+135.91 M,+209.09 M,-2.08 B,+101.57 M,+11.05 B
BDMN,UPTREND,ABOVE MA200,TERKONFIRMASI,73.41,133.34,78.94,-48.04 M,+622.18 M,+2.04 B,+2.45 B,+2.50 B,+3.30 B,+7.46 B,+122.07 B
BFIN,UPTREND,ABOVE MA200,TERKONFIRMASI,49.49,-3.84,1.3,+272.92 M,+272.92 M,+248.60 M,+649.67 M,+914.83 M,-1.53 B,+14.90 B,+13.61 B
BMRI,DOWNTREND,BELOW MA200,TERKONFIRMASI,38.71,-58.08,-51.47,-4.00 B,-4.00 B,-4.00 B,+2.10 B,+3.60 B,-47.15 B,-68.49 B,-186.00 B
BRIS,DOWNTREND,BELOW MA200,TERKONFIRMASI,14.06,-97.12,-82.61,-744.56 M,-1.91 B,-2.06 B,-2.06 B,-2.28 B,-13.32 B,-4.90 B,+5.92 B
DNAR,UPTREND,BELOW MA200,TERKONFIRMASI,47.64,-1.3,-1.23,-78700,-78700,+1.25 M,+2.11 M,+1.67 M,-13.78 M,+204.10 M,+206.66 M
NISP,DOWNTREND,BELOW MA200,DEATH CROSS 🩸,36.82,-6.66,-3.5,-53.36 M,-53.36 M,-44.74 M,-37.92 M,-80.29 M,-305.07 M,+412.90 M,-458.21 M
PANS,UPTREND,ABOVE MA200,TERKONFIRMASI,52.39,9.64,13.27,-495000,-495000,+612000,+237000,+237000,+10.27 M,+4.86 M,-492.48 M
BBYB,DOWNTREND,BELOW MA200,TERKONFIRMASI,29.83,-14.11,-13.27,-49.20 M,-93.84 M,+15.32 M,+154.23 M,+200.33 M,-4.99 B,+3.14 B,+950.70 M
SRTG,DOWNTREND,ABOVE MA200,TERKONFIRMASI,44.47,-17.33,-14.25,-8.42 M,-12.55 M,+15.11 M,+41.08 M,-30.99 M,+7.31 M,+2.22 B,+430.74 M
BNGA,UPTREND,BELOW MA200,TERKONFIRMASI,43.87,-1.7,5.71,-21.85 M,-10.32 M,+4.70 M,-6.50 M,+8.18 M,+93.38 M,+708.37 M,-3.19 B
BKSL,DOWNTREND,BELOW MA200,TERKONFIRMASI,33.14,-4.1,-3.7,-40.47 M,-251.20 M,-86.18 M,-16.10 M,-16.10 M,-3.97 B,+7.19 B,-6.98 B
BSDE,DOWNTREND,BELOW MA200,TERKONFIRMASI,32.02,-22.85,-19.34,0,-124.86 M,-124.86 M,+470.09 M,+109.31 M,-9.10 B,-2.28 B,-11.27 B
CTRA,DOWNTREND,BELOW MA200,TERKONFIRMASI,33.15,-19.0,-17.33,-28.86 M,-14.13 M,-14.13 M,+39.22 M,+82.71 M,-1.45 B,-313.73 M,-5.23 B
DMAS,UPTREND,ABOVE MA200,TERKONFIRMASI,50.87,1.5,2.52,-146.54 M,-269.96 M,-361.41 M,+1.35 B,+1.29 B,+1.04 B,+54.50 B,+56.46 B
DUTI,UPTREND,ABOVE MA200,TERKONFIRMASI,56.22,-5.32,18.86,+20000,+20000,-806000,-806000,-806000,-844000,+1.13 M,+2.95 M
PWON,DOWNTREND,BELOW MA200,TERKONFIRMASI,50.57,-1.64,-1.85,-44.25 M,+59.35 M,+411.00 M,+411.00 M,+529.76 M,-152.00 M,+2.89 B,-4.05 B
RDTX,DOWNTREND,BELOW MA200,TERKONFIRMASI,35.11,-172.41,-118.73,-687500,-5.75 M,-5.47 M,-5.45 M,-5.63 M,-6.96 M,-46.67 M,-91.56 M
SMRA,DOWNTREND,BELOW MA200,TERKONFIRMASI,23.77,-20.48,-19.22,0,-60.75 M,-60.75 M,+40.85 M,-45.25 M,-12.89 B,-11.74 B,-14.31 B
SSIA,DOWNTREND,ABOVE MA200,TERKONFIRMASI,48.15,-10.23,-14.21,-65.55 M,-495.35 M,-124.56 M,+707.75 M,+436.89 M,+361.60 M,+31.59 B,+61.16 B
BUKA,DOWNTREND,BELOW MA200,TERKONFIRMASI,34.98,-2.24,-1.99,0,-408.20 M,-453.71 M,-505.28 M,-416.34 M,-1.22 B,+3.53 B,-7.85 B
EMTK,DOWNTREND,BELOW MA200,TERKONFIRMASI,29.02,-30.66,-28.9,-223.46 M,-438.26 M,-99.74 M,+532.82 M,+476.43 M,-5.75 B,-7.12 B,-30.71 B
GOTO,DOWNTREND,BELOW MA200,TERKONFIRMASI,16.6,-5.6,-3.99,-3.00 B,-15.84 B,+21.05 B,+2.10 B,+197.17 B,+159.91 B,+159.91 B,+89.14 B
MSTI,UPTREND,BELOW MA200,TERKONFIRMASI,43.19,-5.34,-1.03,-4.57 M,-2.83 M,-2.83 M,+2.11 M,-4.03 M,-33.82 M,+207.19 M,-229.89 M
MTDL,DOWNTREND,BELOW MA200,TERKONFIRMASI,51.97,-1.9,-2.88,0,0,+7.96 M,+8.71 M,+11.82 M,-58.62 M,+103.07 M,-20.55 M
PTSN,UPTREND,ABOVE MA200,TERKONFIRMASI,54.86,13.91,20.06,+6.11 M,+6.11 M,+6.11 M,+8.09 M,+1.64 M,+6.70 B,+6.80 B,+6.67 B
WIRG,UPTREND,BELOW MA200,TERKONFIRMASI,35.89,-3.75,-2.82,-47.28 M,-85.31 M,+11.24 M,+96.13 M,+96.13 M,-3.47 B,+14.21 B,+12.32 B
CBDK,DOWNTREND,BELOW MA200,TERKONFIRMASI,41.49,-94.45,-90.45,-14.70 M,-37.04 M,-12.87 M,+262.38 M,+262.38 M,-1.39 B,+3.64 B,-3.60 B
CDIA,DOWNTREND,BELOW MA200,TERKONFIRMASI,32.01,-29.79,-26.96,-329.29 M,-415.10 M,-1.01 B,-202.29 M,-422.89 M,-9.70 B,+5.11 B,-1.69 B
JKON,UPTREND,ABOVE MA200,TERKONFIRMASI,46.52,-0.87,-0.79,0,-1.66 M,+2.73 M,+6.74 M,+6.74 M,-137.46 M,+12.71 B,+13.10 B
JSMR,DOWNTREND,BELOW MA200,TERKONFIRMASI,37.32,-68.71,-55.51,0,-72.62 M,+47.46 M,+454.46 M,+349.44 M,-648.62 M,+864.52 M,+9.38 B
PGAS,DOWNTREND,BELOW MA200,TERKONFIRMASI,44.81,-26.88,-26.48,+102.55 M,+102.55 M,+244.15 M,+1.10 B,+944.96 M,-4.51 B,-3.94 B,-37.48 B
PGEO,DOWNTREND,BELOW MA200,TERKONFIRMASI,44.8,-14.51,-11.01,-107.30 M,-23.85 M,+237.32 M,+488.55 M,+345.46 M,+377.34 M,+6.10 B,+5.67 B
POWR,UPTREND,ABOVE MA200,TERKONFIRMASI,51.73,14.09,20.44,-43.07 M,-34.92 M,-54.46 M,+65.75 M,+131.24 M,-304.48 M,+7.14 B,+6.48 B
NRCA,UPTREND,BELOW MA200,TERKONFIRMASI,46.45,-2.74,-1.79,-31.01 M,-91.27 M,+105.18 M,+218.75 M,+210.68 M,+1.48 B,+4.40 B,-1.48 B
ASSA,DOWNTREND,BELOW MA200,TERKONFIRMASI,45.87,-11.41,-11.38,+138.64 M,+60.00 M,+60.00 M,+103.63 M,+166.36 M,-327.91 M,-709.27 M,-3.58 B
HAIS,DOWNTREND,BELOW MA200,TERKONFIRMASI,35.91,-2.4,-1.93,0,0,0,0,-449200,-15.64 M,+14.97 M,-7.92 M
IPCC,DOWNTREND,BELOW MA200,TERKONFIRMASI,33.23,-23.73,-22.53,-5.32 M,-5.32 M,-2.57 M,+17.07 M,-39.41 M,-115.15 M,-310.15 M,-228.40 M
IPCM,DOWNTREND,BELOW MA200,TERKONFIRMASI,42.55,-3.45,-3.97,-636000,+3.33 M,+4.27 M,+6.10 M,+4.35 M,-5.24 M,-118.98 M,-196.48 M
MAHA,DOWNTREND,BELOW MA200,TERKONFIRMASI,41.8,-1.99,-1.81,-6.46 M,-9.86 M,+1.59 M,+8.97 M,+8.97 M,+703.50 M,+813.92 M,+523.80 M
NELY,DOWNTREND,BELOW MA200,TERKONFIRMASI,33.74,-4.21,-3.59,-584800,-648600,-648600,+1.08 M,+1.08 M,-18.36 M,+175.26 M,+46.66 M
SMDR,UPTREND,ABOVE MA200,TERKONFIRMASI,60.05,15.79,17.14,-228.70 M,-740.36 M,+2.45 B,+2.57 B,+2.49 B,+3.25 B,+9.02 B,+7.79 B
TEBE,UPTREND,ABOVE MA200,TERKONFIRMASI,76.31,287.7,250.79,0,0,0,0,0,+65.24 B,+106.89 B,+106.30 B
TMAS,UPTREND,BELOW MA200,TERKONFIRMASI,44.43,-3.49,-2.48,+504800,-8.15 M,+7.70 M,+62.97 M,+52.21 M,-310.11 M,+249.48 M,+56.09 M
TPMA,DOWNTREND,BELOW MA200,DEATH CROSS 🩸,35.82,-6.79,-4.45,+3.00 M,-8.80 M,-8.80 M,+2.25 M,+738200,-57.79 M,+210.73 M,-3.01 B
BBRM,DOWNTREND,BELOW MA200,TERKONFIRMASI,42.5,-2.58,-2.25,-3.77 M,-5.56 M,+8.19 M,+8.19 M,+9.13 M,-78.67 M,+870.42 M,+3.63 B
BOAT,DOWNTREND,BELOW MA200,TERKONFIRMASI,38.16,-3.88,-3.02,-664900,-664900,+28300,+1.08 M,+2.15 M,-78.02 M,+1.00 B,+1.35 B
BULL,DOWNTREND,BELOW MA200,TERKONFIRMASI,36.54,-18.61,-17.69,-4.22 B,-5.84 B,+3.50 B,+6.29 B,+5.74 B,-15.61 B,+38.23 B,+69.53 B
DCII,UPTREND,BELOW MA200,TERKONFIRMASI,51.1,-275.1,-391.15,-5000,-10000,+2.46 M,-1.95 M,+895000,-252500,+44.22 M,+56.19 M
DSSA,UPTREND,BELOW MA200,TERKONFIRMASI,54.18,20.27,17.09,-1.44 B,-9.81 B,-5.12 B,-4.31 B,+979.43 M,-563.32 M,+365.12 B,+675.73 B
EDGE,DOWNTREND,ABOVE MA200,TERKONFIRMASI,53.32,0.0,0.0,0,0,0,0,0,0,0,0
INET,UPTREND,BELOW MA200,TERKONFIRMASI,33.25,-14.08,-7.13,-5.05 B,-6.35 B,-4.08 B,-3.24 B,-4.31 B,-33.76 B,+165.62 B,+154.73 B
MGLV,UPTREND,ABOVE MA200,TERKONFIRMASI,40.34,294.09,715.85,-182.02 M,-496.52 M,-391.31 M,-1.45 B,-1.58 B,+1.50 B,+14.11 B,+15.45 B
EXCL,DOWNTREND,BELOW MA200,TERKONFIRMASI,37.53,-75.03,-72.14,-25.69 M,-419.44 M,-204.93 M,-483.14 M,-572.32 M,-4.94 B,+1.50 B,-3.71 B
FREN,N/A,N/A,N/A,,,,N/A,N/A,N/A,N/A,N/A,N/A,N/A,N/A
ISAT,UPTREND,BELOW MA200,TERKONFIRMASI,34.67,-44.0,-22.91,-1.43 B,-1.43 B,-1.43 B,-2.04 B,-2.37 B,-870.83 M,+90.33 B,+102.74 B
TLKM,DOWNTREND,BELOW MA200,TERKONFIRMASI,30.9,-87.53,-76.59,-1.34 B,+3.86 B,+2.24 B,+6.57 B,+6.57 B,-55.12 B,-29.66 B,-213.11 B
LINK,UPTREND,BELOW MA200,TERKONFIRMASI,45.08,-8.28,8.83,-172000,-88000,-293000,-805000,-125500,-593000,+18.95 M,-65.64 M
MORA,DOWNTREND,BELOW MA200,TERKONFIRMASI,44.98,-142.89,-184.47,-8.78 M,-20.66 M,+165.22 M,+224.35 M,+205.70 M,-11.13 M,+47.44 M,+19.56 B
MTEL,UPTREND,BELOW MA200,TERKONFIRMASI,43.59,-5.78,-3.07,-4.94 M,+2.09 M,+67.99 M,+52.25 M,+52.25 M,+197.38 M,+3.20 B,+2.70 B
TBIG,UPTREND,BELOW MA200,TERKONFIRMASI,39.67,-9.55,-3.15,-1.09 M,-1.47 M,-1.47 M,-4.43 M,-2.64 M,-8.31 M,+364.17 M,-1.24 B
TOWR,DOWNTREND,BELOW MA200,TERKONFIRMASI,53.15,-2.22,-5.33,-379.56 M,+204.37 M,+1.54 B,+1.41 B,+1.86 B,-4.26 B,+8.90 B,+9.09 B
GLVA,UPTREND,BELOW MA200,TERKONFIRMASI,51.85,0.41,1.73,+40000,+40000,+192800,-54400,-34000,+3.49 M,+7.12 M,-6.29 M
MLPT,DOWNTREND,BELOW MA200,TERKONFIRMASI,30.22,-88.48,-82.49,-18.97 M,-27.18 M,-19.05 M,-24.07 M,-12.51 M,-488.20 M,+36.95 B,+37.99 B
KETR,UPTREND,ABOVE MA200,TERKONFIRMASI,45.42,28.02,48.44,-1.41 B,-1.76 B,-2.00 B,-2.31 B,-2.95 B,+2.38 B,+54.79 B,+91.12 B
