Timestamp_Mesin,Tanggal_Pasar,DXY_Index,US_10Y_Yield,US_2Y_Futures,VIX_Fear,USD_SGD,USD_IDR,USD_JPY,USD_CNY,IHSG_Indo,Indo_Foreign_Flow,Gold_XAU_USD,Minyak_Bumi_WTI,Minyak_Bumi_Brent,Batu_Bara,Tembaga_Copper,RareEarth_REMX,Gas_Alam,Minyak_Kedelai,Indeks_Komoditas,Nasdaq_IXIC,Semicon_SOXX,Software_IGV,CyberSec_CIBR,Biotech_IBB,Power_XLU,Energy_XLE,Bitcoin,JPY_IDR,Gold_XAU_IDR
2026-09-21 22:06:59,2026-09-21,100.364,4.961,101.9141,14.63,1.2758,17808.0,157.459,6.6835,6384.7261,12.3464,4376.6001,92.26,100.23,96.0,6.7665,70.1399,2.845,68.55,32.6023,26939.9766,554.025,106.41,102.26,207.095,40.785,62.71,86035.4922,113.1,77938495.0
2026-09-21 22:06:59,2026-09-18,100.22,4.998,102.0938,14.81,1.2759,17757.0,156.129,6.7074,6441.1592,12.47,4424.8999,100.3,103.87,96.0,6.615,69.06,2.912,67.7,32.93,26522.5391,533.07,104.35,99.87,204.56,41.1,64.31,80901.4609,113.73,78572948.0
2026-09-21 22:06:59,2026-09-17,100.22,4.947,102.1836,15.44,1.2778,17718.0,156.014,6.706,6462.4312,12.73,4399.7002,101.91,104.82,96.0,6.5865,69.1,2.901,68.68,33.05,26418.3008,519.1,105.78,101.66,207.07,41.69,64.48,76403.7734,113.57,77953888.0
2026-09-21 22:06:59,2026-09-16,100.31,5.006,102.1211,17.71,1.2731,17665.0,155.266,6.7112,6436.853,12.61,4387.5,102.43,105.83,96.0,6.4315,67.61,2.891,69.19,33.16,25978.4297,502.06,104.96,100.3,202.4,41.32,64.03,76150.3203,113.77,77505188.0
2026-09-21 22:06:59,2026-09-15,99.65,4.996,102.2461,17.2,1.2703,17636.0,154.385,6.7082,6461.1528,12.79,4332.7998,105.83,108.75,96.0,6.3685,68.3,2.919,69.88,33.68,25981.5703,498.85,105.55,101.0,202.0,41.32,65.93,75612.5078,114.23,76413257.0
2026-09-21 22:06:59,2026-09-14,99.46,4.961,102.2812,17.1,1.2671,17630.0,153.424,6.708,6534.6929,12.92,4351.8999,101.39,105.68,96.0,6.33,68.93,2.896,69.36,33.15,26186.4102,497.075,106.64,100.05,204.589,41.82,64.53,78163.3828,114.91,76723995.0
2026-09-21 22:06:59,2026-09-11,99.12,4.975,102.2695,15.84,1.268,17588.0996,154.482,6.7061,6541.377,12.75,4408.8999,100.05,104.61,96.0,6.4695,70.56,2.831,69.01,33.16,26333.0391,526.7256,101.52,94.4,202.9191,42.39,65.14,77173.7969,113.85,77544171.0
2026-09-21 22:06:59,2026-09-10,99.09,4.944,102.4297,17.84,1.2642,17501.0,153.573,6.7105,6589.3379,12.85,4407.2998,102.48,107.63,96.0,6.467,72.42,2.834,71.28,33.62,26081.7207,517.0919,101.2,94.16,202.6291,42.52,64.93,76568.125,113.96,77132154.0
2026-09-21 22:06:59,2026-09-09,98.77,4.837,102.6484,16.46,1.2644,17588.0,153.478,6.7105,6678.2012,13.13,4460.7002,96.05,101.21,96.0,6.8035,76.34,2.822,70.01,32.85,26253.3398,531.6524,101.83,94.48,205.479,42.94,65.31,78259.5234,114.6,78454795.0
2026-09-21 22:06:59,2026-09-08,98.84,4.806,102.6953,15.72,1.2655,17664.0,153.855,6.7108,6686.4419,13.22,4439.0,93.03,97.92,96.0,6.739,76.73,2.916,70.18,32.4,26421.4102,528.0547,102.66,94.01,207.3188,43.45,64.77,78438.5781,114.81,78410496.0
2026-09-21 22:06:59,2026-09-07,99.16,4.784,102.7266,15.3,1.267,17638.0,156.197,6.7108,6619.6729,13.06,4476.6001,91.48,96.28,96.0,6.597,75.66,2.975,68.78,31.9,26506.9902,519.5203,104.57,94.59,211.9086,43.08,64.06,79115.8516,112.92,78958273.0
2026-09-21 22:06:59,2026-09-04,99.16,4.784,102.7266,14.53,1.2667,17618.0996,155.66,6.719,6636.4751,13.06,4476.6001,91.48,96.28,96.0,6.597,75.66,2.975,68.78,31.9,26506.9902,519.5203,104.57,94.59,211.9086,43.08,64.06,79671.9688,113.18,78869186.0
2026-09-21 22:06:59,2026-09-03,99.0,4.762,102.7969,14.32,1.2709,17723.0,158.923,6.719,6667.8911,13.22,4539.8999,91.3,95.52,96.0,6.577,76.03,2.913,69.5,31.96,26584.0605,501.8719,106.95,95.32,213.7985,43.03,64.62,81271.7422,111.52,80460646.0
2026-09-21 22:06:59,2026-09-02,99.56,4.796,102.7031,15.2,1.2731,17697.1992,160.196,6.7202,6595.7759,13.0,4414.6001,91.01,95.63,96.0,6.501,76.29,2.956,70.5,31.93,26217.8301,501.1124,103.42,93.54,213.7885,42.67,65.1,77300.4766,110.47,78126057.0
2026-09-21 22:06:59,2026-09-01,99.67,4.796,102.6875,16.34,1.2708,17689.9004,159.747,6.726,6599.9429,12.93,4396.3999,90.22,94.65,96.0,6.5065,76.19,2.904,72.37,31.93,26099.7695,499.9831,106.18,96.2,210.8087,42.56,64.77,77403.625,110.74,77771876.0
2026-09-21 22:06:59,2026-08-31,99.43,4.758,102.7656,14.92,1.2746,17749.0,160.122,6.726,6525.478,12.73,4481.5,85.76,90.49,96.0,6.5935,77.52,2.935,70.5,31.3,26370.8906,510.7061,109.98,100.15,209.0388,42.23,63.96,78548.6328,110.85,79542144.0
2026-09-21 22:06:59,2026-08-28,99.7,4.72,102.7656,14.43,1.2708,17749.0,159.321,6.7225,6518.1211,12.66,4529.8999,83.4,89.31,96.0,6.562,77.42,2.888,70.59,30.79,26402.4199,508.2877,109.5,98.56,208.9388,42.73,62.68,77830.2891,111.4,80401193.0
2026-09-21 22:06:59,2026-08-27,99.16,4.672,102.9766,14.51,1.2714,17778.0,159.255,6.7225,6521.75,12.64,4664.0,83.53,89.7,96.0,6.587,79.25,2.907,68.0,30.86,26541.3496,525.0867,110.32,100.79,214.7885,43.18,62.29,80257.5391,111.63,82916592.0
2026-09-21 22:06:59,2026-08-26,99.17,4.664,102.9805,15.21,1.2689,17695.0,159.223,6.7203,6405.6851,12.5,4653.2998,82.23,87.84,96.0,6.5945,78.07,2.842,67.22,30.5,26130.1992,515.0633,102.39,93.66,215.2184,43.51,62.43,79027.4219,111.13,82340140.0
2026-09-21 22:06:59,2026-08-25,98.92,4.639,103.0195,15.45,1.2699,17714.5996,159.139,6.7219,6501.667,12.79,4694.5,82.36,88.58,96.0,6.7095,79.12,2.77,67.52,30.43,26151.3008,513.7241,101.85,92.46,216.3884,43.31,62.06,78564.9766,111.32,83161188.0
2026-09-21 22:06:59,2026-08-24,99.0,4.704,102.9531,15.85,1.2692,17655.0,158.904,6.721,6501.667,12.65,4697.7998,85.01,92.17,96.0,6.599,79.75,2.782,67.13,30.94,25980.1895,505.8493,102.45,93.23,212.5186,43.22,63.11,78964.4844,111.1,82939655.0
2026-09-21 22:06:59,2026-08-21,98.8,4.738,102.9531,15.13,1.2714,17755.0,158.883,6.7225,6525.6899,12.77,4680.6001,87.06,94.39,96.0,6.5795,80.75,2.773,69.35,31.26,26180.4609,519.7102,103.37,94.85,213.5485,42.77,63.64,78335.1875,111.75,83104055.0
2026-09-21 22:06:59,2026-08-20,98.9,4.696,103.0352,16.01,1.2713,17807.0,158.276,6.7295,6501.585,12.5,4571.3999,87.83,93.78,96.0,6.46,75.69,2.733,71.18,31.11,26067.1699,522.0087,101.91,93.45,210.8187,43.77,63.75,73032.7578,112.51,81402918.0
2026-09-21 22:06:59,2026-08-19,98.83,4.653,103.0469,14.89,1.2783,17768.5,159.55,6.7426,6394.125,12.58,4545.2998,85.83,91.62,96.0,6.4875,75.99,2.814,69.86,30.76,26331.0898,519.3304,102.81,95.54,216.9483,44.02,63.58,69266.1875,111.37,80763159.0
2026-09-21 22:06:59,2026-08-18,99.65,4.706,103.0547,15.84,1.2773,17824.0,159.34,6.7399,6449.8301,12.56,4420.6001,84.94,91.02,96.0,6.4825,76.55,2.776,69.69,30.48,26289.7109,531.0428,101.96,97.44,203.5491,44.02,63.68,64680.7109,111.86,78792776.0
2026-09-21 22:06:59,2026-08-17,99.64,4.724,103.0352,15.19,1.279,17830.0,159.223,6.7428,6401.8882,12.6,4473.7002,84.5,90.87,96.0,6.604,78.93,2.69,71.44,30.56,26644.9102,558.7547,101.99,97.79,201.9191,44.18,62.58,64506.2539,111.98,79766075.0
2026-09-21 22:06:59,2026-08-14,99.67,4.696,103.0547,14.25,1.2803,17863.0,159.426,6.7428,6401.8882,12.6,4437.2998,82.4,88.52,96.0,6.5995,78.55,2.733,69.05,30.0,26729.1602,550.0604,104.08,99.6,198.2493,44.31,61.91,62975.5938,112.05,79263486.0
2026-09-21 22:06:59,2026-08-13,99.96,4.641,103.1094,14.63,1.2799,17853.0,159.328,6.7433,6301.7651,12.48,4420.3999,81.25,87.07,96.0,6.5925,76.13,2.727,68.67,29.78,26803.0293,550.3801,106.28,102.2,198.9293,44.04,61.06,63402.1719,112.05,78917399.0
2026-09-21 22:06:59,2026-08-12,100.01,4.682,102.9922,14.55,1.2797,17822.0,159.265,6.745,6373.8491,12.69,4467.5,83.27,88.98,96.0,6.597,77.03,2.804,68.96,30.11,26588.4902,546.2528,103.08,100.39,200.7092,43.84,61.03,63402.4336,111.9,79619785.0
2026-09-21 22:06:59,2026-08-11,99.82,4.684,102.957,15.28,1.2803,17791.0,159.156,6.7474,6267.8799,12.48,4441.1001,83.2,88.91,96.0,6.612,76.72,2.767,68.45,29.97,26445.4492,533.851,103.92,99.92,199.7293,43.63,60.93,63551.875,111.78,79011612.0
2026-09-21 22:06:59,2026-08-10,99.81,4.699,102.918,15.46,1.2786,17794.0,157.891,6.7474,6365.374,12.75,4419.7002,82.13,87.72,96.0,6.5945,78.45,2.794,69.46,29.93,26605.3594,529.0441,105.01,100.6,200.0092,43.13,60.18,63910.5859,112.7,78644145.0
2026-09-21 22:06:59,2026-08-07,99.6,4.66,102.9766,14.9,1.2834,17912.0,158.409,6.7488,6409.6538,12.91,4399.7002,78.18,83.55,96.0,6.5705,77.04,2.662,68.16,28.91,26690.6191,542.915,102.69,97.85,197.6994,43.61,57.5,64880.1914,113.07,78807430.0
2026-09-21 22:06:59,2026-08-06,99.97,4.67,102.9023,15.15,1.2807,17873.0,157.6,6.7497,6343.7109,12.61,4299.6001,77.29,82.49,96.0,6.687,73.42,2.64,67.7,28.86,26348.3496,532.1721,99.42,96.39,192.9596,43.38,58.16,64262.1133,113.41,76846753.0
2026-09-21 22:06:59,2026-08-05,99.69,4.617,103.0234,15.81,1.2818,17963.0,157.692,6.7532,6351.1392,12.7,4305.2002,75.22,79.45,96.0,6.703,72.46,2.688,67.75,28.48,26363.4395,530.3533,101.31,97.57,191.7897,43.66,57.31,64597.5,113.91,77334311.0
2026-09-21 22:06:59,2026-08-04,99.89,4.627,102.9922,16.5,1.2821,17963.3008,157.529,6.7523,6319.6128,12.72,4152.6001,75.77,79.36,96.0,6.6185,71.52,2.682,68.18,28.31,26584.9902,541.8558,102.0,97.94,190.1398,44.11,58.52,64055.9531,114.03,74594405.0
2026-09-21 22:06:59,2026-08-03,99.96,4.686,102.8789,15.86,1.2811,18030.0,157.582,6.7509,6234.4971,12.47,4090.5,80.34,83.77,96.0,6.514,67.63,2.781,68.69,28.88,25913.9004,507.3483,97.42,93.91,185.9,44.36,58.79,63460.8984,114.42,73751715.0
2026-09-21 22:06:59,2026-07-31,99.8,4.745,102.8047,15.99,1.282,18040.0996,160.183,6.755,6236.126,12.37,4107.0,84.67,90.12,96.0,6.436,65.97,2.747,67.12,29.45,25373.8496,504.5601,94.58,91.83,186.4,44.35,59.55,62813.7461,112.62,74090689.0
2026-09-21 22:06:59,2026-07-30,100.01,4.663,102.9219,17.09,1.2887,18079.0,163.3,6.7661,6186.3628,12.37,4100.1001,83.59,89.03,96.0,6.4445,66.45,2.758,68.35,29.32,25122.1797,504.2003,93.31,90.02,189.9498,44.66,58.96,64725.3086,110.71,74125710.0
2026-09-21 22:06:59,2026-07-29,100.8,4.622,102.9141,20.66,1.2924,18053.0,163.864,6.771,6091.3862,12.0,4036.3,84.46,90.74,96.0,6.2735,64.59,2.725,69.17,29.42,24442.9395,464.6962,92.37,88.79,188.5199,44.91,58.65,63908.168,110.17,72867324.0
2026-09-21 22:06:59,2026-07-28,101.38,4.604,102.8516,18.21,1.2911,18053.0,163.771,6.7657,6130.5879,12.04,4038.7,79.26,84.09,96.0,6.322,66.09,2.662,70.76,28.6,24876.9102,491.1389,91.78,89.28,190.5098,45.52,57.57,63871.3633,110.23,72910651.0
2026-09-21 22:06:59,2026-07-27,101.51,4.641,102.7656,18.67,1.2892,17958.0,163.611,6.7718,6185.7832,12.14,4077.0,82.61,88.36,96.0,6.339,68.72,2.767,71.46,29.01,24932.0801,515.8927,90.91,89.1,188.3199,45.68,58.36,63724.8984,109.76,73214766.0
2026-09-21 22:06:59,2026-07-24,101.47,4.679,102.7383,18.58,1.2928,17967.0,163.832,6.7725,6196.4302,12.26,4070.8,89.31,96.78,96.0,6.32,67.51,2.871,74.33,30.1,24975.8203,526.6656,87.98,88.4,188.1299,46.29,59.62,64098.4961,109.67,73140064.0
2026-09-21 22:06:59,2026-07-23,101.43,4.703,102.6797,18.7,1.291,17917.0,163.081,6.7725,6315.311,12.4,4050.2,92.19,100.69,96.0,6.305,69.53,2.916,75.59,30.31,25137.6895,550.8798,87.1,87.72,188.9698,46.19,59.38,65044.8125,109.87,72567433.0
2026-09-21 22:06:59,2026-07-22,101.14,4.657,102.7852,16.64,1.2919,17911.0,163.186,6.7656,6334.4761,12.67,4151.8999,86.83,94.07,96.0,6.451,70.96,2.925,75.48,29.86,25690.9004,555.157,89.02,89.33,186.9899,45.93,59.2,66100.7969,109.76,74364679.0
2026-09-21 22:06:59,2026-07-21,101.18,4.628,102.8594,17.05,1.2909,17931.0,162.487,6.7725,6340.02,12.7,4076.3999,84.91,91.01,96.0,6.511,71.95,2.865,74.3,29.57,25837.2109,552.3289,91.82,90.58,189.2998,44.92,58.5,66505.125,110.35,73093927.0
2026-09-21 22:06:59,2026-07-20,100.99,4.598,102.9375,18.65,1.2921,17934.0,162.512,6.7725,6231.7798,12.53,4015.8999,83.23,89.22,96.0,6.299,69.85,2.86,74.68,29.14,25508.0703,523.7975,92.98,91.79,186.52,44.94,57.94,65230.0273,110.35,72021149.0
2026-09-21 22:06:59,2026-07-17,100.75,4.541,103.0117,18.77,1.2901,17985.0,162.376,6.7725,6175.5352,12.42,4018.8,82.49,88.1,96.0,6.22,72.67,2.911,74.81,28.98,25520.2402,521.4691,92.8,92.36,189.7498,45.17,57.68,63899.4609,110.76,72278118.0
2026-09-21 22:06:59,2026-07-16,100.73,4.569,103.0391,16.73,1.2884,18068.8008,162.072,6.7682,6108.209,12.17,3992.1001,78.95,84.23,96.0,6.296,73.23,2.858,72.43,28.46,25881.9492,530.1534,93.7,91.89,189.4998,45.47,57.02,63789.2812,111.49,72132461.0
2026-09-21 22:06:59,2026-07-15,100.5,4.545,103.0977,15.67,1.2907,18157.0,162.187,6.77,6041.9722,12.01,4051.8,79.6,84.95,96.0,6.2935,76.65,2.924,72.92,28.79,26269.2305,554.9072,93.94,93.09,189.8898,45.22,56.5,64712.375,111.95,73568533.0
2026-09-21 22:06:59,2026-07-14,100.94,4.585,102.9727,16.5,1.2941,18111.0,162.429,6.7795,6039.521,12.07,4069.7,79.34,84.73,96.0,6.33,79.14,2.904,73.04,28.63,26107.0098,567.5489,93.63,94.73,188.6599,45.69,56.95,64956.1133,111.5,73706337.0
2026-09-21 22:06:59,2026-07-13,101.28,4.609,102.8438,17.16,1.2925,18065.0,161.878,6.7766,6037.8418,11.98,4005.7,78.14,83.3,96.0,6.233,76.27,2.897,73.04,28.33,25873.1797,553.2483,92.7,91.84,189.5398,45.72,56.74,62239.1211,111.6,72362970.0
2026-09-21 22:06:59,2026-07-10,100.97,4.569,102.9414,15.03,1.292,18125.0,162.363,6.7921,5924.3599,11.85,4113.7002,71.41,76.01,96.0,6.2335,79.76,2.94,70.86,27.52,26281.6094,580.9602,92.41,91.88,192.0497,45.41,55.08,64127.1406,111.63,74560816.0
2026-09-21 22:06:59,2026-07-09,100.94,4.539,103.0273,15.84,1.2934,18125.0,162.539,6.8025,5912.4419,11.8,4140.7998,72.08,76.3,96.0,6.215,80.03,3.012,70.45,27.58,26206.8906,581.3199,93.88,94.26,197.3294,45.13,54.82,63193.1484,111.51,75051996.0
2026-09-21 22:06:59,2026-07-08,101.05,4.569,102.9531,16.9,1.2936,17979.0,162.363,6.7934,5873.3721,11.76,4082.3999,73.52,78.02,96.0,6.0545,79.65,3.212,71.39,27.8,25870.6504,561.6628,92.48,91.66,196.3294,45.36,55.6,62257.5742,110.73,73397468.0
2026-09-21 22:06:59,2026-07-07,101.14,4.529,103.0273,16.13,1.2917,18046.0,162.088,6.7958,5986.4971,12.02,4157.3999,70.44,74.16,96.0,6.1715,81.06,3.265,68.79,27.35,25818.6895,551.3295,94.13,92.21,198.2193,45.7,54.64,63297.3945,111.33,75024439.0
2026-09-21 22:06:59,2026-07-06,100.85,4.479,103.1055,15.57,1.2917,17998.0,161.452,6.7886,5916.0698,11.81,4167.5,68.55,71.99,96.0,6.178,85.34,3.245,68.15,27.0,26121.1602,581.1301,94.79,92.91,195.2995,45.3,53.13,63995.0156,111.48,75006665.0
2026-09-21 22:06:59,2026-07-03,100.86,4.485,103.0859,16.15,1.2927,17787.9004,161.449,6.7886,5875.7798,11.45,4125.7002,68.69,71.8,96.0,6.1145,86.72,3.196,66.95,26.57,25832.6699,565.95,93.57,90.67,195.6895,45.76,53.22,62544.1992,110.18,73387544.0
2026-09-21 22:06:59,2026-07-02,100.86,4.485,103.0859,16.15,1.2956,17998.0,162.539,6.7942,5744.5562,11.45,4125.7002,68.69,71.8,96.0,6.1145,86.72,3.196,66.95,26.57,25832.6699,565.95,93.57,90.67,195.6895,45.76,53.22,61485.3008,110.73,74254352.0
2026-09-21 22:06:59,2026-07-01,101.39,4.475,103.0195,16.59,1.2941,17935.0,162.628,6.7936,5695.1162,11.28,4082.3999,68.58,71.57,96.0,6.1235,87.66,3.22,67.02,26.45,26040.0293,599.3082,93.34,91.11,190.1098,44.77,52.81,60003.7578,110.28,73217842.0
2026-09-21 22:06:59,2026-06-30,101.19,4.418,103.1992,16.45,1.2921,17925.0,161.923,6.7936,5643.1938,11.31,4038.5,69.5,72.92,96.0,6.1925,88.5,3.275,66.74,26.66,26213.7207,640.3414,90.6,89.85,190.1798,45.34,53.11,58558.8594,110.7,72390112.0
2026-09-21 22:06:59,2026-06-29,101.11,4.374,103.2031,17.65,1.2945,17830.0,161.787,6.798,5820.79,11.65,4038.8999,70.75,73.15,96.0,6.0975,86.38,3.181,69.07,26.56,25820.1406,613.9485,89.89,88.5,189.7798,46.02,53.58,60138.3789,110.21,72013585.0
2026-09-21 22:06:59,2026-06-26,101.36,4.372,103.2305,18.41,1.2968,17995.0,161.805,6.79,5896.1338,11.86,4096.2998,69.23,71.99,96.0,6.1415,86.53,3.231,71.3,26.57,25297.6191,589.5546,88.2,85.36,187.3499,46.2,53.84,60016.4297,111.21,73712915.0
2026-09-21 22:06:59,2026-06-25,101.43,4.392,103.1875,18.89,1.2974,17990.0,161.763,6.79,5999.0381,11.93,4047.6001,71.92,75.26,96.0,6.0705,89.21,3.343,70.81,26.93,25358.5996,624.7915,84.76,83.66,183.6601,45.85,54.09,59721.6758,111.21,72816326.0
2026-09-21 22:06:59,2026-06-24,101.61,4.402,103.1641,18.63,1.2967,17916.0,161.599,6.79,5883.8809,11.74,4008.8,70.34,73.74,96.0,5.943,90.67,3.221,69.46,26.45,25476.6406,601.107,86.17,83.728,181.5202,45.54,53.57,60995.1328,110.87,71821661.0
2026-09-21 22:06:59,2026-06-23,101.41,4.493,103.0625,19.49,1.2935,17862.0,161.57,6.7745,6101.333,12.2,4149.3999,73.21,77.08,96.0,6.141,91.82,3.147,70.59,27.12,25587.0391,602.9958,87.32,84.1376,178.0804,45.07,54.46,62668.0195,110.55,74116581.0
2026-09-21 22:06:59,2026-06-22,101.02,4.509,102.9688,17.28,1.2924,17788.0,161.433,6.7686,6116.6899,12.15,4202.7002,74.82,77.9,96.0,6.3565,97.29,3.253,71.15,27.41,26166.5996,654.582,87.31,83.5082,176.9905,44.72,54.06,63952.1055,110.19,74757631.0
2026-09-21 22:06:59,2026-06-19,100.85,4.451,103.0703,16.4,1.2904,17794.4004,161.289,6.7686,6177.1392,12.43,4245.8999,76.6,79.85,96.0,6.3745,95.55,3.233,69.69,27.63,26517.9297,639.0322,89.09,84.4674,173.6307,44.476,53.385,63540.8359,110.33,75553243.0
2026-09-21 22:06:59,2026-06-18,100.85,4.451,103.0703,16.4,1.288,17891.0,160.6,6.7572,6172.3398,12.43,4245.8999,76.6,79.85,96.0,6.3745,95.55,3.233,69.69,27.63,26517.9297,639.0322,89.09,84.4674,173.6307,44.476,53.385,62896.4727,111.4,75963395.0
2026-09-21 22:06:59,2026-06-17,100.09,4.463,103.0938,18.44,1.2823,17730.0,160.419,6.7572,6220.7402,12.48,4381.3999,76.79,79.55,96.0,6.4815,96.04,3.145,71.54,27.71,26021.6602,599.3381,89.16,84.1576,173.4307,44.1779,54.2786,64418.4453,110.52,77682220.0
2026-09-21 22:06:59,2026-06-16,99.54,4.428,103.3125,16.41,1.2823,17716.0,160.229,6.757,6254.9658,12.66,4354.3999,76.05,78.96,96.0,6.489,96.78,3.239,72.92,27.9,26376.3398,590.8537,91.37,85.0069,171.4308,44.7741,54.9636,65600.6406,110.57,77142549.0
2026-09-21 22:06:59,2026-06-15,99.63,4.469,103.2656,16.2,1.2812,17772.0,159.955,6.766,6254.9658,12.71,4351.6001,80.75,83.17,96.0,6.4825,96.89,3.147,74.37,28.22,26683.9395,628.0394,92.68,86.1959,172.1607,44.4561,55.1523,66289.5,111.11,77336637.0
2026-09-21 22:06:59,2026-06-12,99.75,4.487,103.2344,17.68,1.2841,17921.0,160.13,6.7755,6007.6558,12.112,4238.7998,84.88,87.33,96.0,6.4305,95.5,3.12,74.28,28.55,25888.8398,595.5776,90.683,85.2567,170.6268,44.2475,57.1379,63543.1992,111.92,75963531.0
2026-09-21 22:06:59,2026-06-11,99.86,4.463,103.2422,19.44,1.2881,17875.9004,160.527,6.7725,5886.0322,11.8961,4114.0,87.71,90.38,96.0,6.259,92.96,3.087,74.45,28.85,25809.6602,586.2681,90.903,85.3966,170.4569,43.7705,56.711,63561.0547,111.36,73541454.0
2026-09-21 22:06:59,2026-06-10,99.95,4.542,103.1484,22.22,1.2874,18031.0,160.384,6.7725,5902.376,11.8961,4133.2998,90.03,93.1,96.0,6.249,85.13,3.185,75.33,29.17,25169.5,540.8994,91.5628,83.1785,165.8977,43.7208,57.8329,61449.2891,112.42,74527529.0
2026-09-21 22:06:59,2026-06-09,99.91,4.528,103.1562,19.87,1.2888,18190.3008,160.174,6.7655,5746.6479,11.3857,4286.3999,88.2,91.45,96.0,6.3025,88.03,3.14,74.91,29.07,25678.8203,561.5061,92.9326,84.2675,169.3271,43.7009,56.9791,61643.7812,113.57,77970904.0
2026-09-21 22:06:59,2026-06-08,100.05,4.552,103.1055,18.92,1.2905,18029.0,160.327,6.7655,5342.1372,10.6005,4363.3999,91.3,94.25,96.0,6.3295,87.42,3.147,74.56,29.47,25929.6602,570.8055,95.6321,86.056,166.8876,43.2439,57.9123,63090.5898,112.45,78667737.0
2026-09-21 22:06:59,2026-06-05,100.07,4.536,103.0977,21.51,1.2847,17955.5,159.99,6.7735,5594.7651,11.0225,4365.2998,90.54,93.09,96.0,6.2635,88.59,3.229,74.12,29.23,25709.4297,539.1613,95.832,86.6255,168.4073,44.0686,57.2571,60922.668,112.23,78381141.0
2026-09-21 22:06:59,2026-06-04,99.41,4.477,103.2969,15.4,1.283,18004.1992,159.94,6.7692,5839.7852,11.7685,4505.0,93.04,95.03,96.0,6.511,97.0,3.336,76.29,29.88,26830.9609,602.0403,100.0412,90.6221,171.3967,43.6612,58.3293,63801.5742,112.57,81108917.0
2026-09-21 22:06:59,2026-06-03,99.53,4.491,103.2383,16.06,1.2798,17858.0,159.968,6.7622,5941.0659,11.955,4466.8999,96.02,97.81,96.0,6.481,98.32,3.214,78.71,30.29,26853.9805,614.9857,100.1812,91.5912,167.4675,43.4327,58.2896,64014.3672,111.63,79769898.0
2026-09-21 22:06:59,2026-06-02,99.22,4.455,103.293,15.77,1.2783,17864.0,159.636,6.765,6195.4268,12.5831,4519.8999,93.76,96.0,96.0,6.6495,102.18,3.167,78.41,30.12,27093.9004,604.3377,104.7104,94.239,164.2381,43.6215,57.545,66703.6562,111.9,80743492.0
2026-09-21 22:06:59,2026-06-01,99.2,4.475,103.2852,16.05,1.2769,17817.0,159.353,6.7662,6127.3809,12.6126,4506.2998,92.16,94.98,96.0,6.524,99.45,3.179,79.09,29.99,27086.8105,571.285,107.6798,94.0691,169.3371,42.8265,56.8897,71319.7734,111.81,80288744.0
2026-09-21 22:06:59,2026-05-29,98.91,4.453,103.3477,15.32,1.2755,17840.0,159.27,6.7795,6127.3809,12.485,4593.0,87.36,92.05,96.0,6.3595,99.63,3.29,77.72,29.48,26972.6191,568.4383,101.6409,88.9635,172.1465,44.1382,55.887,73372.5234,112.01,81939120.0
2026-09-21 22:06:59,2026-05-28,99.02,4.455,103.3281,15.74,1.2779,17804.0,159.568,6.7788,6130.1899,12.6813,4499.2998,88.9,93.71,96.0,6.396,101.5,3.285,76.7,29.72,26917.4707,568.8278,95.6621,83.6081,172.2065,44.3468,56.5422,73536.5547,111.58,80105534.0
2026-09-21 22:06:59,2026-05-27,99.21,4.481,103.3125,16.29,1.2768,17699.6992,159.243,6.786,6130.1899,12.6911,4448.3999,88.68,94.29,96.0,6.305,98.03,3.04,75.26,29.49,26674.7305,563.3439,93.0326,81.9695,169.847,44.8536,56.5819,74344.7031,111.15,78735340.0
2026-09-21 22:06:59,2026-05-26,99.17,4.493,103.2812,17.01,1.2774,17762.0,158.954,6.7945,6130.1899,12.6617,4502.2998,93.89,99.58,96.0,6.361,98.96,2.894,74.36,30.03,26656.1797,569.4471,94.0324,84.4074,169.3871,45.0424,57.4358,75825.7344,111.74,79969849.0
2026-09-21 22:06:59,2026-05-25,99.32,4.558,103.125,16.59,1.2769,17692.0,158.946,6.7945,6206.3491,12.8481,4523.2002,96.6,103.54,96.0,6.342,96.82,2.907,73.98,30.54,26343.9707,536.7241,93.9924,84.2076,168.7572,45.0623,59.064,77279.9297,111.31,80024458.0
2026-09-21 22:06:59,2026-05-22,99.32,4.558,103.125,16.7,1.2777,17692.0,159.018,6.8025,6162.0449,12.8481,4523.2002,96.6,103.54,96.0,6.342,96.82,2.907,73.98,30.54,26343.9707,536.7241,93.9924,84.2076,168.7572,45.0623,59.064,75488.2422,111.26,80024458.0
2026-09-21 22:06:59,2026-05-21,99.19,4.586,103.1875,16.76,1.2778,17658.4004,158.888,6.8005,6094.9409,12.8383,4542.5,96.35,102.58,96.0,6.257,95.7,3.018,73.87,30.7,26293.0996,524.1183,92.4627,82.0794,169.0271,44.7145,58.7066,77539.1719,111.14,80213284.0
2026-09-21 22:06:59,2026-05-20,99.11,4.572,103.2734,17.44,1.282,17777.0,159.035,6.8145,6318.5,13.2408,4535.2998,98.26,105.02,96.0,6.2905,95.18,3.004,74.66,30.88,26270.3594,519.7233,93.3025,81.5898,167.8774,44.2276,59.3718,77457.7734,111.78,80624025.0
2026-09-21 22:06:59,2026-05-19,99.3,4.667,103.1211,18.06,1.2783,17701.0,158.861,6.8,6370.6792,13.2015,4511.2002,107.77,111.28,96.0,6.165,92.13,3.114,75.44,31.61,25870.7109,496.1798,91.9328,80.3309,164.1581,44.0587,60.8512,76750.9062,111.42,79852755.0
2026-09-21 22:06:59,2026-05-18,98.97,4.623,103.1797,17.82,1.2812,17586.0,158.844,6.8092,6599.2402,13.6923,4558.0,108.66,112.1,96.0,6.272,94.69,3.024,75.63,31.38,26090.7305,495.3108,92.8526,80.8505,163.9981,43.6612,60.1462,76954.1719,110.71,80156988.0
2026-09-21 22:06:59,2026-05-15,99.27,4.595,103.2031,18.43,1.2765,17530.5996,158.382,6.7851,6723.3198,13.8787,4561.8999,105.42,109.26,96.0,6.2515,96.57,2.96,73.88,31.19,26225.1406,507.9465,91.7628,78.9821,166.7976,43.5916,59.0144,79065.6797,110.69,79972841.0
2026-09-21 22:06:59,2026-05-14,98.88,4.461,103.3633,17.26,1.2723,17500.0,157.851,6.7908,6723.3198,14.0456,4685.2998,101.17,105.72,96.0,6.5675,99.85,2.894,74.82,31.15,26635.2207,529.4323,90.623,78.2927,171.2967,44.6151,57.6542,81051.25,110.86,81992746.0
2026-09-21 22:06:59,2026-05-13,98.48,4.481,103.3711,17.87,1.2718,17549.0,157.671,6.792,6723.3198,14.0358,4706.7002,101.02,105.63,96.0,6.6355,106.26,2.864,75.26,31.37,26402.3398,527.6942,88.5834,75.7848,172.6164,44.3866,57.2174,79277.1172,111.3,82597882.0
2026-09-21 22:06:59,2026-05-12,98.29,4.463,103.3633,17.99,1.269,17413.0,157.231,6.7948,6858.8989,14.2714,4686.7002,102.18,107.77,96.0,6.485,108.03,2.843,76.3,31.69,26088.1992,515.4081,89.4232,74.7757,172.2465,44.9033,57.1578,80477.4922,110.75,81609511.0
2026-09-21 22:06:59,2026-05-11,97.94,4.41,103.4531,18.38,1.268,17358.0,156.858,6.8005,6905.6201,14.3597,4728.7002,98.07,104.21,96.0,6.4135,109.53,2.91,74.68,31.06,26274.1309,532.1592,90.673,75.3652,169.9669,44.8536,56.7607,81728.2969,110.66,82080778.0
2026-09-21 22:06:59,2026-05-08,97.84,4.364,103.5469,17.19,1.2691,17294.9004,156.829,6.8014,6969.396,14.6149,4730.7002,95.42,101.29,96.0,6.249,106.38,2.757,75.26,30.3,26247.0801,519.7133,91.1329,75.2553,169.907,44.4363,55.3012,80186.7656,110.28,81816989.0
2026-09-21 22:06:59,2026-05-07,98.25,4.392,103.5039,17.08,1.2677,17296.9004,156.508,6.811,7174.3208,14.8308,4710.8999,94.81,100.06,96.0,6.1275,106.56,2.769,75.09,30.25,25806.1992,491.8047,90.833,73.0772,170.067,44.8337,55.5494,80009.9922,110.52,81483966.0
2026-09-21 22:06:59,2026-05-06,98.02,4.356,103.5938,17.39,1.2741,17389.8008,157.677,6.8301,7092.4668,14.8406,4694.2998,95.08,101.27,96.0,6.1365,109.04,2.73,76.51,30.21,25838.9395,506.2984,87.8035,70.1097,173.8362,45.42,56.5919,81427.5312,110.29,81632938.0
2026-09-21 22:06:59,2026-05-05,98.48,4.416,103.4648,17.38,1.2768,17346.1992,157.194,6.83,7057.106,14.6738,4568.5,102.27,109.87,96.0,5.943,103.83,2.788,78.4,31.2,25326.1309,482.1856,88.2534,70.8091,170.3069,46.0758,59.0243,80927.0547,110.35,79246111.0
2026-09-21 22:06:59,2026-05-04,98.47,4.446,103.418,18.29,1.2728,17288.5,156.846,6.8275,6971.9531,14.448,4533.2998,106.42,114.44,96.0,5.795,102.12,2.867,78.02,31.33,25067.8008,461.5389,88.4234,69.6901,170.1269,46.0758,58.9648,79827.9062,110.23,78373954.0
2026-09-21 22:06:59,2026-05-01,98.21,4.378,103.5586,16.99,1.2728,17311.0,156.978,6.8273,6956.8042,14.6836,4644.5,101.94,108.17,96.0,5.932,106.52,2.78,76.65,30.81,25114.4395,465.2248,86.6138,68.7009,167.2375,46.2546,58.4286,78179.0,110.28,80400940.0
2026-09-21 22:06:59,2026-04-30,98.08,4.39,103.5625,16.89,1.2803,17334.1992,160.184,6.8375,6956.8042,14.6541,4629.6001,105.07,114.01,96.0,5.926,105.43,2.767,76.36,31.1,24892.3105,460.9196,83.8943,67.392,168.6572,46.5527,59.2229,76304.3203,108.21,80250410.0
2026-09-21 22:06:59,2026-04-29,98.92,4.418,103.4766,18.81,1.276,17244.0,159.552,6.8374,7101.2261,14.7425,4561.5,106.88,118.03,96.0,5.8785,101.04,2.647,75.31,31.08,24673.2402,449.4825,84.4842,67.8117,165.3479,45.3902,58.6073,75776.1328,108.08,78658506.0
2026-09-21 22:06:59,2026-04-28,98.62,4.354,103.6445,17.83,1.274,17216.0,159.357,6.8228,7072.3921,14.8112,4608.3999,99.93,111.26,96.0,5.9145,97.91,2.559,73.38,30.34,24663.8008,438.2153,84.9841,67.0923,167.7774,45.9565,57.2968,76350.6719,108.03,79338213.0
2026-09-21 22:06:59,2026-04-27,98.48,4.336,103.7227,18.02,1.2771,17246.0,159.576,6.8359,7106.52,14.9486,4693.7002,96.37,108.23,96.0,6.018,100.95,2.55,72.26,30.09,24887.0996,454.8964,85.414,67.492,168.9872,45.8969,56.3635,77366.625,108.07,80947554.0
2026-09-21 22:06:59,2026-04-24,98.51,4.31,103.7695,18.71,1.2778,17329.0,159.747,6.826,7129.4902,15.0762,4740.8999,94.4,105.33,96.0,6.0235,98.56,2.523,71.91,29.86,24836.5996,461.0795,85.184,67.1822,169.747,45.887,56.4628,77455.3125,108.48,82155054.0
2026-09-21 22:06:59,2026-04-23,98.8,4.323,103.6758,19.31,1.2757,17199.5,159.488,6.8242,7378.606,15.4492,4724.0,95.85,105.07,96.0,6.0755,98.24,2.614,71.66,29.89,24438.5,440.5027,83.5543,66.5328,171.4967,45.7976,56.572,78268.9531,107.84,81250438.0
2026-09-21 22:06:59,2026-04-22,98.59,4.294,103.7305,18.92,1.2733,17133.0996,159.373,6.8208,7541.6118,15.832,4753.0,92.96,101.91,96.0,6.12,103.8,2.722,71.68,29.51,24657.5703,431.2831,88.7234,68.8508,174.3261,44.5853,56.1352,78203.1016,107.5,81433622.0
2026-09-21 22:06:59,2026-04-21,98.41,4.292,103.7617,19.5,1.27,17123.8008,158.844,6.8174,7559.3799,15.8123,4719.6001,92.13,98.48,96.0,6.0015,100.6,2.697,72.14,29.21,24259.9609,420.2256,86.6637,67.9815,173.9562,44.6648,55.47,76352.7734,107.8,80817492.0
2026-09-21 22:06:59,2026-04-20,98.05,4.25,103.8789,18.87,1.2736,17133.0,159.161,6.817,7594.1108,16.0086,4828.7998,89.61,95.48,96.0,6.036,103.12,2.689,69.63,28.67,24404.3906,417.0791,86.2838,66.9924,175.7258,45.4597,54.6757,75872.5234,107.65,82731827.0
2026-09-21 22:06:59,2026-04-17,98.1,4.246,103.9102,17.48,1.2731,17123.0,159.195,6.8211,7634.0039,16.2344,4879.6001,83.85,90.38,96.0,6.1035,101.63,2.674,68.16,28.29,24468.4805,415.2412,85.0641,66.4229,176.6257,45.8671,54.626,77126.875,107.56,83553393.0
2026-09-21 22:06:59,2026-04-16,98.22,4.309,103.7617,17.94,1.2707,17146.0996,158.809,6.818,7621.3818,15.9203,4808.2998,94.69,99.39,96.0,6.0665,103.05,2.647,69.33,29.11,24102.6992,405.4922,84.3442,65.8634,174.0862,46.0559,56.1749,75152.1328,107.97,82443587.0
2026-09-21 22:06:59,2026-04-15,98.06,4.282,103.7891,18.17,1.2708,17129.0,158.792,6.8157,7623.5859,15.9694,4823.6001,91.29,94.93,96.0,6.072,97.44,2.61,67.6,28.89,24016.0195,401.4068,82.9644,64.4646,175.9558,45.728,55.3607,74805.0781,107.87,82623446.0
2026-09-21 22:06:59,2026-04-14,98.12,4.256,103.8164,18.36,1.2715,17079.1992,159.214,6.8303,7675.9512,16.1264,4850.1001,91.28,94.79,96.0,6.0705,98.8,2.599,66.44,28.84,23639.0801,400.7875,79.4651,62.7361,175.8158,46.1752,55.5494,74181.6094,107.27,82835826.0
2026-09-21 22:06:59,2026-04-13,98.37,4.297,103.7617,19.12,1.2777,17083.0,159.68,6.8278,7500.187,15.8712,4767.3999,99.08,99.36,96.0,5.976,99.01,2.627,66.5,28.96,23183.7402,392.8964,78.6852,63.1357,172.1565,46.0957,56.7011,74484.6406,106.98,81441492.0
2026-09-21 22:06:59,2026-04-10,98.65,4.317,103.7188,19.23,1.2733,17059.0,159.112,6.8314,7458.4961,15.7044,4787.3999,96.57,95.2,96.0,5.8705,94.5,2.648,67.09,28.5,22902.8906,386.164,74.656,60.6878,169.3371,46.662,56.5323,72979.0469,107.21,81668255.0
2026-09-21 22:06:59,2026-04-09,98.82,4.293,103.7578,19.49,1.2745,17005.5,158.642,6.8287,7307.5889,15.5768,4818.0,97.87,95.92,96.0,5.748,93.2,2.67,67.7,28.71,22822.4199,378.203,76.6256,63.0258,172.1265,46.8508,56.9195,71767.8281,107.19,81932499.0
2026-09-21 22:06:59,2026-04-08,99.13,4.291,103.7344,21.04,1.2758,17027.4004,158.716,6.8567,7279.209,15.5964,4777.2002,94.41,94.75,96.0,5.7595,93.6,2.724,67.42,28.56,22634.9902,369.9823,79.7351,65.6036,171.8266,46.4832,57.6344,71123.3594,107.28,81343301.0
2026-09-21 22:06:59,2026-04-07,99.64,4.343,103.6562,25.78,1.2849,17015.3008,159.683,6.8823,6971.0269,14.9584,4684.7002,112.95,109.27,96.0,5.5445,89.09,2.87,69.72,29.37,22017.8496,347.3678,80.4849,65.1939,168.4672,45.9764,59.7292,71940.7031,106.56,79711583.0
2026-09-21 22:06:59,2026-04-06,99.98,4.335,103.625,24.17,1.2875,16988.0,159.78,6.8824,6989.4258,15.0958,4684.7002,112.41,109.77,96.0,5.5835,88.44,2.811,69.95,29.48,21996.3398,343.7119,80.4449,64.1049,168.7972,45.8771,59.2527,68859.8281,106.32,79583687.0
2026-09-21 22:06:59,2026-04-03,100.03,4.313,103.7266,23.87,1.2849,16959.0,159.491,6.8851,7026.7822,15.2529,4679.7002,111.54,109.03,96.0,5.563,88.9,2.8,68.94,29.33,21879.1797,339.227,80.3249,64.1348,169.3971,46.046,58.8258,66931.1016,106.33,79363036.0
2026-09-21 22:06:59,2026-04-02,100.03,4.313,103.7266,23.87,1.2826,16924.0996,158.688,6.8705,7026.7822,15.2529,4679.7002,111.54,109.03,96.0,5.563,88.9,2.8,68.94,29.33,21879.1797,339.227,80.3249,64.1348,169.3971,46.046,58.8258,66888.5703,106.65,79199712.0
2026-09-21 22:06:59,2026-04-01,99.65,4.319,103.7188,24.54,1.2843,16936.4004,158.579,6.8942,7184.438,15.4884,4813.1001,100.12,101.16,96.0,5.624,88.53,2.819,67.11,28.68,21840.9492,338.1582,79.755,63.0957,170.0969,45.8174,58.5478,68078.5547,106.8,81516590.0
2026-09-21 22:06:59,2026-03-31,99.96,4.311,103.6836,25.25,1.292,16975.4004,159.841,6.9116,7048.2222,15.4983,4647.6001,101.38,118.35,96.0,5.5875,88.0,2.884,68.88,28.95,21590.6309,328.2894,80.035,62.6261,168.8172,45.5988,60.8214,68233.3125,106.2,78894873.0
2026-09-21 22:06:59,2026-03-30,100.51,4.342,103.625,30.61,1.2898,16958.0,160.234,6.9116,7091.6699,15.1744,4526.0,102.88,112.78,96.0,5.476,85.48,2.887,68.47,29.26,20794.6406,309.4406,77.6055,60.7378,161.8285,45.6286,61.5164,66691.4453,105.83,76751908.0
2026-09-21 22:06:59,2026-03-27,100.15,4.44,103.4805,31.05,1.2858,16925.0,159.704,6.9107,7097.0571,15.1056,4492.5,99.64,112.57,96.0,5.467,86.1,3.095,67.41,29.1,20948.3594,323.1152,76.8756,60.7078,160.3788,45.3007,62.1121,66338.375,105.98,76035562.0
2026-09-21 22:06:59,2026-03-26,99.9,4.416,103.3555,27.44,1.281,16749.5996,159.384,6.901,7164.0908,15.3216,4376.2998,94.48,108.01,96.0,5.4465,84.6,2.999,68.02,28.44,21408.0801,328.4792,79.7351,63.0858,165.2279,45.0424,61.0795,68791.625,105.09,73301269.0
2026-09-21 22:06:59,2026-03-25,99.6,4.328,103.5352,25.33,1.2774,16797.3008,158.718,6.8918,7302.1211,15.6946,4552.2998,90.32,102.22,96.0,5.529,89.15,2.952,67.1,28.17,21929.8203,344.8607,80.3849,63.2056,165.7178,44.9629,60.1363,71309.8828,105.83,76466349.0
2026-09-21 22:06:59,2026-03-24,99.43,4.392,103.4297,26.95,1.2752,16865.0996,158.479,6.88,7106.8389,14.9879,4402.0,92.35,104.49,96.0,5.4225,84.62,2.943,65.73,28.24,21761.8906,340.6354,80.8048,62.9164,161.6086,44.8039,60.4044,70517.8594,106.42,74240168.0
2026-09-21 22:06:59,2026-03-23,98.95,4.334,103.5977,26.15,1.282,16959.3008,159.234,6.8857,7106.8389,15.1449,4407.2998,88.13,99.94,96.0,5.4395,83.63,2.891,65.58,27.75,21946.7598,336.2104,84.4242,64.8314,162.6584,44.4959,59.203,70914.8594,106.51,74744723.0
2026-09-21 22:06:59,2026-03-20,99.65,4.391,103.4844,26.78,1.2775,16915.9004,157.924,6.8998,7106.8389,14.8406,4574.8999,98.32,112.19,96.0,5.3425,79.1,3.095,65.51,28.94,21647.6094,332.135,82.9744,63.8639,161.6186,44.0587,58.5031,70522.5859,107.11,77388551.0
2026-09-21 22:06:59,2026-03-19,99.23,4.281,103.625,24.06,1.2833,17041.6992,159.795,6.8726,7106.8389,15.0468,4605.7002,96.14,108.65,96.0,5.433,82.95,3.166,65.41,28.84,22090.6895,339.8164,84.4442,65.0608,164.4281,45.9236,58.5524,69912.7891,106.65,78488957.0
2026-09-21 22:06:59,2026-03-18,100.09,4.259,103.7812,25.09,1.2762,16971.3008,158.889,6.8863,7106.8389,15.1056,4896.2002,96.32,107.38,96.0,5.554,86.67,3.065,65.53,29.27,22152.4199,337.9085,84.3242,64.7915,163.7482,46.1111,57.6351,71245.5781,106.81,83094886.0
2026-09-21 22:06:59,2026-03-17,99.58,4.202,103.9141,22.37,1.2782,16953.0996,159.105,6.9555,7106.8389,15.2823,5008.2002,96.21,103.42,96.0,5.7265,90.12,3.033,65.97,28.76,22479.5293,339.8663,85.514,64.8015,167.1375,46.5058,57.714,73922.4766,106.55,84904517.0
2026-09-21 22:06:59,2026-03-16,99.71,4.22,103.8984,23.51,1.2824,16952.0996,159.568,6.8961,7022.2881,15.1253,5002.2002,93.5,100.21,96.0,5.7905,90.1,3.023,63.94,28.31,22374.1797,337.2412,84.9341,64.3327,166.9855,46.6341,57.1123,74861.0859,106.24,84797796.0
2026-09-21 22:06:59,2026-03-13,100.36,4.285,103.8047,27.19,1.2785,16908.0,159.206,6.8689,7137.2119,15.2332,5061.7002,98.71,103.14,96.0,5.7145,89.51,3.131,67.34,28.71,22105.3594,330.7426,84.1742,64.981,165.357,46.3381,56.915,70968.2656,106.2,85583227.0
2026-09-21 22:06:59,2026-03-12,99.74,4.273,103.75,27.29,1.2761,16884.0,159.075,6.8655,7362.1172,15.567,5125.7998,95.73,100.46,96.0,5.8245,93.81,3.233,67.34,28.86,22311.9805,329.6146,84.9741,65.1306,166.0764,45.8842,56.7276,70493.4609,106.14,86544004.0
2026-09-21 22:06:59,2026-03-11,99.23,4.208,103.9727,24.23,1.273,16852.0,158.114,6.8765,7389.3989,15.8712,5179.1001,87.25,91.98,96.0,5.8455,96.92,3.209,67.08,28.13,22716.1309,341.4938,85.7239,65.5894,170.7121,45.5585,56.2048,70204.8828,106.58,87278195.0
2026-09-21 22:06:59,2026-03-10,98.83,4.136,104.0938,24.93,1.2751,16886.0,157.848,6.911,7440.9131,16.0185,5242.1001,83.45,87.8,96.0,5.904,96.49,3.02,65.33,27.6,22697.0996,338.2195,85.6339,65.6094,172.1108,45.9434,54.8436,69926.9219,106.98,88518102.0
2026-09-21 22:06:59,2026-03-09,99.18,4.136,104.0508,25.5,1.2843,16923.6992,158.427,6.8965,7337.3691,16.097,5103.7002,94.77,98.96,96.0,5.8005,94.7,3.12,65.75,27.14,22695.9492,335.7838,87.6936,66.1081,171.1317,46.2295,55.5538,68402.3828,106.82,86373487.0
2026-09-21 22:06:59,2026-03-06,98.99,4.133,104.1211,29.49,1.2797,16913.0996,157.534,6.897,7585.687,15.9105,5158.7002,90.9,92.69,96.0,5.757,92.53,3.186,66.21,27.51,22387.6797,322.9462,87.9535,65.8288,167.4052,46.121,55.8004,68136.4922,107.36,87249610.0
2026-09-21 22:06:59,2026-03-05,99.32,4.146,104.0508,23.75,1.2747,16865.0,156.983,6.897,7710.5371,16.3522,5078.7002,81.01,85.41,96.0,5.753,93.4,3.003,65.32,26.52,22748.9902,337.1714,87.6036,65.6194,168.5141,46.2789,55.7116,70841.125,107.43,85652279.0
2026-09-21 22:06:59,2026-03-04,98.77,4.08,104.1523,21.15,1.277,16898.0996,157.773,6.8997,7577.064,16.5583,5134.7002,74.66,81.4,96.0,5.855,97.86,2.917,63.09,26.14,22807.4805,340.9448,85.6339,64.4923,172.8102,46.644,55.4255,72710.5781,107.1,86766675.0
2026-09-21 22:06:59,2026-03-03,99.05,4.056,104.2266,23.57,1.2724,16863.0,157.257,6.882,7939.7671,16.8331,5123.7002,74.56,81.4,96.0,5.7735,94.93,3.054,62.27,25.91,22516.6895,334.1966,84.1042,63.7442,169.9428,46.4466,55.751,68293.6484,107.23,86400956.0
2026-09-21 22:06:59,2026-03-02,98.38,4.048,104.2656,21.44,1.2695,16795.0,156.633,6.8579,8016.833,17.1963,5311.6001,71.23,77.74,96.0,5.8945,103.2,2.96,62.17,25.81,22748.8594,351.4365,82.7545,63.2356,173.7593,46.7426,56.264,68775.8516,107.23,89208324.0
2026-09-21 22:06:59,2026-02-27,97.61,3.962,104.4648,19.86,1.2632,16749.0,155.859,6.8409,8235.4854,17.4907,5247.8999,67.02,72.48,96.0,6.0045,99.86,2.859,61.29,25.1,22668.2109,351.6761,81.5547,62.7468,175.2079,47.0979,55.1592,65881.7969,107.46,87897075.0
2026-09-21 22:06:59,2026-02-26,97.79,4.017,104.332,18.63,1.2628,16749.8008,156.2,6.8692,8235.2617,17.5595,5194.2002,65.21,70.75,96.0,5.947,97.56,2.827,61.29,24.76,22878.3809,356.1782,82.5845,63.7043,173.7193,46.5552,54.301,67453.7734,107.23,87001819.0
2026-09-21 22:06:59,2026-02-25,97.7,4.048,104.293,17.93,1.2663,16816.8008,155.88,6.8831,8322.2285,17.8834,5226.2002,65.42,70.85,96.0,5.9795,98.2,2.969,60.26,24.75,23152.0801,367.3587,80.8348,62.5474,175.138,46.7328,54.1235,67960.125,107.88,87887968.0
2026-09-21 22:06:59,2026-02-24,97.88,4.033,104.3242,19.55,1.2662,16804.3008,154.635,6.908,8280.833,17.6183,5176.2998,65.63,70.77,96.0,5.923,94.69,2.915,60.03,24.72,22863.6797,361.4091,78.3953,61.4203,176.197,46.5749,54.3504,64080.043,108.67,86984099.0
2026-09-21 22:06:59,2026-02-23,97.7,4.029,104.3594,21.01,1.2641,16843.4004,154.339,6.908,8396.082,17.7754,5225.6001,66.31,71.49,96.0,5.773,91.32,2.985,59.39,24.75,22627.2695,356.1982,76.9256,61.1111,174.9382,46.0618,54.3997,64616.7383,109.13,88016875.0
2026-09-21 22:06:59,2026-02-20,97.8,4.086,104.293,19.09,1.2684,16887.1992,155.16,6.9081,8271.7666,17.7263,5080.8999,66.39,71.76,96.0,5.831,89.0,3.047,58.92,24.6,22886.0703,358.8036,80.7649,63.7343,174.2289,45.7164,54.1334,68005.4219,108.84,85802169.0
2026-09-21 22:06:59,2026-02-19,97.93,4.075,104.3203,20.23,1.2672,16915.3008,154.693,6.908,8274.0811,17.5006,4997.3999,66.43,71.66,96.0,5.73,90.09,2.996,59.68,24.43,22682.7305,355.2199,81.7647,65.7391,174.8682,45.4993,54.4293,66957.5234,109.35,84532523.0
2026-09-21 22:06:59,2026-02-18,97.7,4.079,104.3477,19.62,1.2627,16840.0,153.149,6.908,8310.2266,17.5398,5009.5,65.19,70.35,96.0,5.7935,91.45,3.011,58.59,24.21,22753.6309,357.2962,81.9846,65.759,174.5985,45.006,54.0347,66425.3203,109.96,84359980.0
2026-09-21 22:06:59,2026-02-17,97.16,4.052,104.3906,20.29,1.2624,16806.5996,153.609,6.908,8212.2715,17.4907,4905.8999,62.33,67.42,96.0,5.633,88.99,3.031,57.29,23.59,22578.3809,353.4829,80.9448,65.37,173.8592,45.7658,53.0187,67494.2188,109.41,82451495.0
2026-09-21 22:06:59,2026-02-16,96.88,4.056,104.4453,20.6,1.2625,16826.0996,152.779,6.908,8212.2715,17.4417,5046.2998,62.89,67.75,96.0,5.7925,89.7,3.243,57.08,23.88,22546.6699,354.0419,82.7545,66.6567,172.3406,45.8842,53.6106,68843.1562,110.13,84909543.0
2026-09-21 22:06:59,2026-02-13,96.88,4.056,104.4453,20.6,1.2623,16809.0,152.821,6.9001,8212.2715,17.4417,5046.2998,62.89,67.75,96.0,5.7925,89.7,3.243,57.08,23.88,22546.6699,354.0419,82.7545,66.6567,172.3406,45.8842,53.6106,68857.8438,109.99,84823253.0
2026-09-21 22:06:59,2026-02-12,96.93,4.104,104.3359,20.82,1.2619,16793.9004,153.269,6.9125,8265.3516,17.5595,4948.3999,62.84,67.52,96.0,5.771,87.2,3.217,57.54,23.8,22597.1504,350.8875,80.9448,64.9312,170.4823,44.6507,53.2456,66221.8438,109.57,83102935.0
2026-09-21 22:06:59,2026-02-11,96.83,4.172,104.2617,17.65,1.2654,16778.0,154.482,6.9106,8290.9658,17.7558,5098.5,64.63,69.4,96.0,5.949,91.92,3.159,57.05,24.37,23066.4707,359.5723,83.2144,67.4446,172.5404,43.9995,54.232,66991.9688,108.61,85542633.0
2026-09-21 22:06:59,2026-02-10,96.8,4.147,104.375,17.79,1.2659,16796.0,156.132,6.922,8131.7378,17.422,5031.0,63.96,68.8,96.0,5.896,88.74,3.115,57.27,24.14,23102.4707,350.8175,85.394,68.6515,171.901,43.6146,52.851,68793.9609,107.58,84500676.0
2026-09-21 22:06:59,2026-02-09,96.82,4.198,104.3242,17.36,1.2711,16843.5,157.244,6.9388,8031.874,17.2748,5079.3999,64.36,69.04,96.0,5.945,88.74,3.138,56.69,24.25,23238.6699,352.1552,85.0441,68.1628,174.2088,42.9042,52.9102,70120.7812,107.12,85554872.0
2026-09-21 22:06:59,2026-02-06,97.63,4.206,104.293,20.37,1.2756,16879.9004,156.784,6.9378,7935.2598,17.2748,4979.7998,63.55,68.05,96.0,5.8635,86.63,3.422,55.33,24.01,23031.2109,347.9026,82.4445,66.9559,174.8183,42.7759,52.5255,70555.3906,107.66,84058525.0
2026-09-21 22:06:59,2026-02-05,97.82,4.21,104.3242,21.77,1.2728,16800.0,156.917,6.9377,8103.8789,17.1865,4889.5,63.29,67.55,96.0,5.799,81.66,3.509,55.65,23.76,22540.5898,330.2534,79.6551,64.7815,169.8829,42.5292,51.4997,62702.0977,107.06,82143600.0
2026-09-21 22:06:59,2026-02-04,97.62,4.275,104.1836,18.64,1.27,16759.0,155.799,6.9377,8146.7168,17.4613,4950.7998,65.14,69.46,96.0,5.826,87.06,3.465,55.66,24.19,22904.5801,329.8042,83.8243,66.3575,173.8892,42.5095,52.1113,73019.7031,107.57,82970454.0
2026-09-21 22:06:59,2026-02-03,97.44,4.274,104.1602,18.0,1.2716,16758.4004,155.443,6.9463,8122.5972,17.265,4935.0,63.21,67.33,96.0,6.0625,90.2,3.311,54.49,24.15,23255.1895,345.0377,85.374,66.916,173.6394,42.6673,50.967,75633.5469,107.81,82702706.0
2026-09-21 22:06:59,2026-02-02,97.61,4.275,104.1719,16.34,1.2722,16758.4004,155.202,6.951,7922.731,17.0883,4652.6001,62.14,66.3,96.0,5.8015,84.81,3.237,53.2,23.54,23592.1094,352.0754,89.5032,69.4095,173.9791,42.0555,49.3691,78688.7656,107.98,77970135.0
2026-09-21 22:06:59,2026-01-30,96.99,4.241,104.2461,17.44,1.2639,16778.3008,153.162,6.948,8329.6064,17.3239,4745.1001,65.21,70.69,96.0,5.897,85.63,4.354,53.51,24.43,23461.8203,345.6965,90.2931,68.8809,172.2706,42.6772,50.3555,84128.6562,109.55,79614717.0
2026-09-21 22:06:59,2026-01-29,96.28,4.227,104.2031,16.88,1.2613,16722.8008,153.096,6.9545,8232.2031,17.2552,5318.3999,65.42,70.71,96.0,6.1755,93.53,3.918,54.03,25.3,23685.1191,360.5006,92.2527,69.3796,174.089,42.7561,49.8228,84561.5859,109.23,88938542.0
2026-09-21 22:06:59,2026-01-28,96.45,4.251,104.1484,16.35,1.2607,16674.6992,152.453,6.9545,8320.5557,16.9411,5303.6001,63.21,68.4,96.0,5.8925,97.52,7.46,54.31,24.94,23857.4492,359.8318,97.0418,71.3245,173.8692,42.7561,49.3691,89184.5703,109.38,88435936.0
2026-09-21 22:06:59,2026-01-27,96.22,4.223,104.1719,16.35,1.2701,16734.0,154.336,6.9542,8980.2305,18.8256,5082.6001,62.39,67.57,96.0,5.8285,97.61,6.954,54.41,24.62,23817.0996,350.4682,97.7417,71.8432,176.7365,42.8548,48.9942,89102.5703,108.43,85052230.0
2026-09-21 22:06:59,2026-01-26,97.04,4.213,104.1328,16.15,1.2711,16770.0,155.166,6.9726,8975.334,18.8453,5082.5,60.63,65.59,96.0,5.984,96.91,6.8,53.89,24.29,23601.3594,342.4721,98.7915,71.903,175.6875,42.3022,48.5504,88267.1406,108.08,85233525.0
2026-09-21 22:06:59,2026-01-23,97.6,4.239,104.1055,16.09,1.2801,16820.0,158.501,6.9726,8951.0098,18.6588,4979.7002,61.07,65.88,96.0,5.911,98.46,5.275,53.99,24.18,23501.2402,344.1093,97.6917,70.6264,175.168,41.9963,48.5208,89503.875,106.12,83758557.0
2026-09-21 22:06:59,2026-01-22,98.36,4.249,104.0859,15.64,1.2853,16897.0,158.456,6.9637,8992.1826,18.698,4913.3999,59.36,64.06,96.0,5.7425,95.58,5.045,53.78,23.74,23436.0195,348.0624,96.9218,70.4668,177.4758,42.1444,48.2446,89462.4531,106.64,83021718.0
2026-09-21 22:06:59,2026-01-21,98.76,4.253,104.1211,16.9,1.2838,16960.0996,158.162,6.9599,9010.3301,18.5901,4837.5,60.62,65.24,96.0,5.7295,92.84,4.875,54.01,23.75,23224.8203,347.5333,95.3821,69.8883,174.9981,42.4503,48.0868,89376.9609,107.23,82044482.0
2026-09-21 22:06:59,2026-01-20,98.64,4.295,104.1211,20.09,1.2852,16939.0,158.177,6.9681,9134.7002,18.7765,4765.7998,60.34,64.92,96.0,5.773,89.51,3.907,52.56,23.48,22954.3203,336.7621,95.912,69.7985,170.5622,42.391,46.9524,88310.9062,107.09,80727883.0
2026-09-21 22:06:59,2026-01-19,99.39,4.231,104.1211,15.86,1.2867,16876.5996,157.535,6.9681,9133.873,18.7864,4595.3999,59.44,64.13,96.0,5.7885,89.18,3.103,52.61,23.16,23515.3906,341.8732,98.2916,71.7235,169.8029,42.8154,47.0412,92553.5938,107.13,77554724.0
2026-09-21 22:06:59,2026-01-16,99.39,4.231,104.1211,15.86,1.2879,16878.9004,158.596,6.966,9075.4062,18.7864,4595.3999,59.44,64.13,96.0,5.7885,89.18,3.103,52.61,23.16,23515.3906,341.8732,98.2916,71.7235,169.8029,42.8154,47.0412,95525.1172,106.43,77565297.0
2026-09-21 22:06:59,2026-01-15,99.32,4.16,104.1836,15.84,1.2875,16845.0996,158.402,6.973,9075.4062,18.8649,4623.7002,59.19,63.76,96.0,5.948,90.54,3.128,52.97,23.2,23530.0195,336.6323,99.7613,71.923,170.4024,43.0324,46.9623,95551.1875,106.34,77886690.0
2026-09-21 22:06:59,2026-01-14,99.13,4.14,104.2852,16.75,1.2889,16840.8008,159.179,6.9775,9032.584,18.7864,4635.7002,62.02,66.52,96.0,6.009,91.32,3.12,50.76,23.39,23471.75,331.3216,101.0511,72.2322,172.6703,42.5983,47.4061,96929.3281,105.8,78068904.0
2026-09-21 22:06:59,2026-01-13,99.13,4.171,104.2617,15.98,1.2856,16859.4004,157.986,6.9731,8948.3027,18.6784,4599.1001,61.15,65.47,96.0,5.97,89.2,3.419,50.78,23.37,23709.8691,332.7191,103.3306,72.4317,171.1617,42.2825,46.3606,95321.7812,106.71,77538070.0
2026-09-21 22:06:59,2026-01-12,98.86,4.187,104.2305,15.12,1.2872,16826.6992,158.149,6.9772,8884.7227,18.6391,4614.7002,59.5,63.87,96.0,5.985,88.84,3.409,49.82,23.19,23733.9004,329.7743,105.3303,72.7708,171.2416,42.0161,45.7095,91192.9922,106.4,77650172.0
2026-09-21 22:06:59,2026-01-09,99.13,4.171,104.2383,14.49,1.2851,16805.6992,156.88,6.9835,8936.7539,18.6588,4500.8999,59.12,63.34,96.0,5.8555,84.98,3.169,49.26,22.9,23671.3496,328.207,104.9803,72.3618,172.2307,41.947,46.0351,90513.1016,107.12,75640770.0
2026-09-21 22:06:59,2026-01-08,98.93,4.183,104.3398,15.45,1.2825,16753.0,156.731,6.9965,8925.4707,18.6391,4460.7002,57.76,61.99,96.0,5.7465,82.45,3.407,49.03,22.88,23480.0195,319.023,104.4204,72.1923,172.1008,41.4339,45.9167,91027.125,106.89,74730110.0
2026-09-21 22:06:59,2026-01-07,98.68,4.138,104.3789,15.38,1.2806,16742.0,156.68,6.9834,8944.8135,18.6784,4462.5,55.99,59.96,96.0,5.809,85.01,3.525,48.82,22.59,23584.2793,324.3238,106.2201,73.2595,176.5767,41.3155,44.516,91308.0547,106.85,74711175.0
2026-09-21 22:06:59,2026-01-06,98.58,4.179,104.3711,14.75,1.2829,16727.1992,156.626,6.988,8933.6094,18.7275,4496.1001,57.13,60.7,96.0,6.0105,83.89,3.35,49.0,22.8,23547.1699,327.7778,104.9003,72.0028,171.0818,42.3417,45.0191,93729.0312,106.8,75207162.0
2026-09-21 22:06:59,2026-01-05,98.27,4.165,104.4141,14.9,1.2879,16683.0,156.989,6.9931,8859.1914,18.6882,4451.5,58.32,61.76,96.0,5.9245,79.71,3.523,49.47,22.81,23395.8203,317.5057,103.6106,71.3445,167.1853,42.1345,46.2521,93882.5547,106.27,74264374.0
2026-09-21 22:06:59,2026-01-02,98.42,4.187,104.3711,14.51,1.2847,16668.0,156.731,6.9961,8748.1318,18.4625,4329.6001,57.32,60.75,96.0,5.64,76.78,3.618,48.87,22.39,23235.6309,313.1433,102.6008,70.4967,168.8438,42.6081,45.0289,89944.6953,106.35,72165774.0
2026-09-21 22:06:59,2026-01-01,98.28,4.163,104.3867,14.95,1.2839,16709.0,156.413,6.9961,8646.9385,18.3545,4341.1001,57.42,60.85,96.0,5.63,73.92,3.686,48.07,22.36,23241.9902,300.6252,105.6702,71.2647,168.614,42.1246,44.1017,88731.9844,106.83,72535442.0
2026-09-21 22:06:59,2025-12-31,98.28,4.163,104.3867,14.95,1.2839,16709.0,156.413,6.9961,8646.9385,18.3545,4341.1001,57.42,60.85,96.0,5.63,73.92,3.686,48.07,22.36,23241.9902,300.6252,105.6702,71.2647,168.614,42.1246,44.1017,87508.8281,106.83,72535442.0
2026-09-21 22:06:59,2025-12-30,98.24,4.13,104.3594,14.33,1.2849,16770.0,156.013,7.0056,8646.9385,18.325,4386.2998,57.95,61.92,96.0,5.7275,74.0,3.972,48.93,22.64,23419.0801,304.3886,106.9699,72.0526,168.7339,42.391,44.3483,88430.1328,107.49,73558248.0
2026-09-21 22:06:59,2025-12-29,98.04,4.116,104.3242,14.2,1.2843,16741.0996,156.463,7.028,8644.2559,18.3064,4343.6001,58.08,61.94,96.0,5.4905,74.01,4.687,48.78,22.49,23474.3496,304.7879,107.3699,72.3618,170.6022,42.2924,44.0129,87138.1406,107.0,72716642.0
2026-09-21 22:06:59,2025-12-26,98.02,4.136,104.2852,13.6,1.2841,16753.0996,156.09,7.028,8537.9111,18.1103,4552.7002,56.74,60.64,96.0,5.7665,76.74,4.366,48.72,22.7,23593.0996,305.5067,108.0797,72.9503,171.871,42.2134,43.5987,87301.4297,107.33,76271840.0
2026-09-21 22:06:59,2025-12-25,97.98,4.136,104.2344,13.47,1.2844,16735.0,156.176,7.028,8537.9111,18.0907,4502.7998,58.35,62.24,96.55,5.4985,76.13,4.242,49.03,22.63,23613.3105,305.6065,108.2097,72.6611,173.0899,42.243,43.7663,87234.7422,107.15,75354355.0
2026-09-21 22:06:59,2025-12-24,97.98,4.136,104.2344,13.47,1.2844,16735.0,156.176,7.028,8537.9111,18.0907,4502.7998,58.35,62.24,96.55,5.4985,76.13,4.242,49.03,22.63,23613.3105,305.6065,108.2097,72.6611,173.0899,42.243,43.7663,87611.9609,107.15,75354355.0
2026-09-21 22:06:59,2025-12-23,97.94,4.169,104.1953,14.0,1.2879,16756.4004,156.877,7.0409,8584.7822,18.1985,4505.7002,58.38,62.38,96.5,5.476,74.89,4.408,48.3,22.64,23561.8398,304.4285,108.0497,72.6212,171.941,42.0555,43.8946,87414.0,106.81,75499317.0
2026-09-21 22:06:59,2025-12-22,98.29,4.169,104.2695,14.08,1.2929,16678.5,157.676,7.0409,8645.8438,18.3162,4469.3999,58.01,62.07,96.5,5.4375,74.31,3.965,48.55,22.39,23428.8301,303.3105,108.9296,73.2296,172.6103,41.9075,43.6085,88490.0156,105.78,74542886.0
2026-09-21 22:06:59,2025-12-19,98.6,4.151,104.3125,14.91,1.2897,16685.1992,155.586,7.0405,8609.5508,18.2181,4387.2998,56.66,60.47,96.9,5.4395,71.279,3.984,47.9,22.106,23307.6191,299.2875,107.7398,72.9304,170.0427,41.7526,43.1617,88103.3828,107.24,73202971.0
2026-09-21 22:06:59,2025-12-18,98.43,4.116,104.3398,16.87,1.2912,16657.0,155.495,7.043,8618.1953,18.2672,4364.5,56.15,59.82,97.0,5.3665,70.7978,3.908,48.11,21.9512,23006.3594,291.5311,106.1601,72.1723,166.0364,42.2913,43.1617,85462.5078,107.12,72699476.0
2026-09-21 22:06:59,2025-12-17,98.37,4.151,104.2891,17.62,1.289,16644.5996,154.778,7.0417,8677.3447,18.2378,4373.8999,55.94,59.68,96.5,5.3635,70.3657,4.024,48.52,22.106,22693.3203,284.7329,104.6804,71.155,167.3752,41.8799,43.7974,86143.7578,107.54,72801813.0
2026-09-21 22:06:59,2025-12-16,98.15,4.149,104.2969,16.48,1.2894,16645.8008,155.015,7.047,8686.4688,18.3064,4332.2998,55.27,58.92,95.75,5.287,68.814,3.886,48.36,21.8448,23111.4609,295.6838,106.2901,72.2721,167.9547,42.1542,42.8487,87843.9844,107.38,72114599.0
2026-09-21 22:06:59,2025-12-15,98.15,4.182,104.2461,16.5,1.2917,16623.0996,155.888,7.054,8649.6621,18.3339,4335.2002,56.82,60.56,96.05,5.3385,69.364,4.012,49.48,22.0673,23057.4102,297.0554,105.3702,72.3319,169.0406,42.3305,44.1984,86419.7812,106.63,72064465.0
2026-09-21 22:06:59,2025-12-12,98.4,4.194,104.207,15.74,1.2917,16649.0,155.567,7.0579,8660.499,18.2366,4328.2998,57.44,61.12,96.75,5.2835,71.1611,4.113,49.73,22.1737,23195.1699,298.5207,107.9498,73.6984,169.0806,41.9485,44.5114,90270.4141,107.02,72061863.0
2026-09-21 22:06:59,2025-12-11,98.35,4.141,104.207,14.85,1.2921,16639.0,155.79,7.064,8620.4814,18.1589,4313.0,57.6,61.28,96.5,5.427,73.6458,4.231,50.56,22.3575,23593.8594,313.5125,109.7594,75.356,169.9388,42.1542,44.9515,92511.3359,106.8,71764007.0
2026-09-21 22:06:59,2025-12-10,98.79,4.164,104.1562,15.77,1.2969,16662.0,156.838,7.0633,8700.9238,18.3339,4224.7002,58.46,62.21,96.5,5.2755,73.0958,4.595,50.81,22.3769,23654.1504,315.3167,110.0594,75.6942,168.5915,41.8506,45.1667,92020.9453,106.24,70391955.0
2026-09-21 22:06:59,2025-12-09,99.22,4.186,104.0586,16.93,1.2975,16686.0,155.844,7.071,8657.1787,18.1589,4236.2002,58.25,61.94,96.95,5.2405,72.7914,4.574,50.73,22.2414,23576.4902,311.18,109.9294,75.2367,166.7552,41.8701,44.6972,92691.7109,107.07,70685237.0
2026-09-21 22:06:59,2025-12-08,99.09,4.172,104.1172,16.66,1.296,16683.0,155.34,7.0696,8710.6953,18.3436,4217.7002,58.88,62.49,97.05,5.3645,72.0941,4.912,50.9,22.2898,23545.9004,311.7582,109.3795,74.809,169.6095,41.8408,44.4234,90640.2031,107.4,70363892.0
2026-09-21 22:06:59,2025-12-05,98.99,4.139,104.1367,15.41,1.2964,16654.4004,155.142,7.0714,8632.7607,18.295,4243.0,60.08,63.75,97.25,5.382,70.8567,5.289,51.36,22.5704,23578.1309,308.4089,109.4395,74.5802,170.8171,42.4088,44.9124,89387.7578,107.35,70664621.0
2026-09-21 22:06:59,2025-12-04,98.99,4.108,104.1875,15.78,1.2937,16594.0,155.107,7.0636,8640.1963,18.2658,4243.0,59.67,63.26,97.35,5.2915,69.6979,5.063,51.53,22.4349,23505.1406,305.2989,107.9298,74.3116,171.7652,42.8104,45.0982,92141.625,106.98,70408342.0
2026-09-21 22:06:59,2025-12-03,98.85,4.057,104.2617,16.08,1.296,16609.9004,155.807,7.07,8611.7871,18.3047,4232.5,58.95,62.67,98.95,5.308,71.6915,4.995,51.35,22.3769,23454.0898,308.369,106.66,73.8442,171.8849,42.8985,44.9075,93527.8047,106.61,70301403.0
2026-09-21 22:06:59,2025-12-02,99.36,4.086,104.2109,16.59,1.2965,16609.0,155.557,7.0717,8617.043,18.3922,4220.7998,58.64,62.45,99.5,5.161,71.8584,4.84,52.35,22.2705,23413.6699,301.8699,105.2003,72.8694,168.881,43.0357,44.0811,91350.2031,106.77,70103264.0
2026-09-21 22:06:59,2025-12-01,99.41,4.096,104.168,17.24,1.2956,16635.0,155.928,7.0751,8548.7881,18.2658,4274.7998,59.32,63.17,97.75,5.219,71.937,4.921,52.06,22.3672,23275.9199,295.9689,104.0505,72.4019,169.7692,43.3442,44.6581,86321.5703,106.68,71111295.0
2026-09-21 22:06:59,2025-11-28,99.46,4.017,104.2539,16.35,1.2967,16603.9004,156.284,7.0758,8508.7061,18.1491,4254.8999,58.55,63.2,96.29,5.1855,73.469,4.85,51.76,22.3092,23365.6895,295.7895,104.0705,73.2573,173.4817,44.3824,44.2327,90919.2656,106.24,70647934.0
2026-09-21 22:06:59,2025-11-27,99.6,3.998,104.2695,17.19,1.2963,16614.6992,156.239,7.0758,8545.8652,18.3436,4165.2002,58.65,63.13,96.15,5.1045,72.212,4.558,50.87,22.0189,23214.6895,290.4566,102.9507,72.571,173.3121,44.0689,43.6605,91285.375,106.34,69203548.0
2026-09-21 22:06:59,2025-11-26,99.6,3.998,104.2695,17.19,1.3019,16633.5,156.23,7.0845,8602.1299,18.3436,4165.2002,58.65,63.13,96.15,5.1045,72.212,4.558,50.87,22.0189,23214.6895,290.4566,102.9507,72.571,173.3121,44.0689,43.6605,90518.3672,106.47,69281858.0
2026-09-21 22:06:59,2025-11-25,99.66,4.002,104.3086,18.56,1.3048,16645.0,156.939,7.1022,8521.8848,18.2075,4140.0,57.95,62.48,96.1,4.9995,70.1496,4.424,50.3,21.7867,23025.5898,282.6716,103.1707,73.2175,171.9847,43.4911,43.3328,87341.8906,106.06,68910300.0
2026-09-21 22:06:59,2025-11-24,100.14,4.038,104.2734,20.52,1.3072,16639.0,156.688,7.1066,8570.2539,18.2561,4094.2,58.84,63.37,95.95,4.962,67.9399,4.549,50.18,21.9028,22872.0098,281.7945,102.2108,72.0637,169.37,43.6576,43.6067,88270.5625,106.19,68123394.0
2026-09-21 22:06:59,2025-11-21,100.18,4.063,104.2656,23.43,1.3073,16731.0,157.369,7.1075,8414.3516,17.8575,4079.5,58.06,62.56,95.5,5.0085,67.7239,4.58,50.26,21.7964,22273.0801,269.9625,100.9011,71.1784,167.1844,43.1679,43.729,85090.6875,106.32,68254114.0
2026-09-21 22:06:59,2025-11-20,100.16,4.106,104.1797,26.42,1.306,16686.6992,156.992,7.1075,8419.917,17.8186,4060.0,59.14,63.38,96.5,4.9595,69.1184,4.474,50.66,21.9415,22078.0508,267.2412,100.7811,71.1188,163.9109,43.1042,43.4551,86631.8984,106.29,67747999.0
2026-09-21 22:06:59,2025-11-19,100.23,4.133,104.1094,23.66,1.301,16727.6992,155.548,7.1075,8406.5771,17.9645,4082.8,59.44,63.51,96.25,5.008,72.3593,4.55,51.1,22.1544,22564.2305,280.7079,103.8705,72.9887,164.889,43.3246,43.9539,91465.9922,107.54,68295850.0
2026-09-21 22:06:59,2025-11-18,99.55,4.123,104.1445,24.69,1.3029,16738.9004,155.273,7.1075,8361.9258,17.7506,4066.5,60.74,64.89,96.25,4.9625,70.3951,4.371,52.17,22.3769,22432.8496,276.0927,104.3904,72.8395,166.1365,43.6919,44.531,92948.875,107.8,68068738.0
2026-09-21 22:06:59,2025-11-17,99.59,4.133,104.0938,22.38,1.299,16679.5,154.585,7.0992,8416.8818,17.8672,4074.5,59.91,64.2,96.6,5.0,70.788,4.361,51.14,22.1931,22708.0703,282.6517,105.4702,73.3667,164.9289,43.8584,44.1789,92093.875,107.9,67960623.0
2026-09-21 22:06:59,2025-11-14,99.27,4.148,104.0859,19.83,1.3012,16719.0,154.633,7.112,8370.4355,17.8672,4094.2,60.09,64.39,96.35,5.0495,68.9515,4.566,50.15,22.2221,22900.5898,287.5958,107.4199,74.3415,163.8611,43.4666,45.0004,94397.7891,108.12,68450930.0
2026-09-21 22:06:59,2025-11-13,99.18,4.112,104.1367,20.0,1.3018,16729.0,154.713,7.1193,8371.999,17.77,4194.5,58.69,63.01,95.4,5.0875,68.1953,4.646,50.25,22.1737,22870.3594,288.453,106.82,74.3614,162.9928,43.4274,44.2473,99697.4922,108.13,70169790.0
2026-09-21 22:06:59,2025-11-12,99.48,4.065,104.1836,17.51,1.301,16694.9004,154.075,7.1193,8388.5664,17.9256,4213.6001,58.49,62.71,95.6,5.0895,67.1838,4.533,50.62,22.2898,23406.4609,298.7101,109.8294,75.6544,164.6295,44.0347,44.1349,101663.1875,108.36,70345634.0
2026-09-21 22:06:59,2025-11-11,99.46,4.12,104.2148,17.28,1.3025,16690.0,154.146,7.1193,8366.5146,17.9353,4116.2998,61.04,65.16,95.9,5.0485,67.0757,4.565,51.1,22.5413,23468.3008,294.2046,111.0092,76.4502,163.8111,43.9318,44.7608,102997.4688,108.27,68701044.0
2026-09-21 22:06:59,2025-11-10,99.62,4.11,104.1445,17.6,1.3026,16653.0,153.817,7.1186,8391.2402,18.0325,4122.0,60.13,64.06,96.25,5.087,67.9007,4.338,50.58,22.3962,23527.1699,301.0326,111.759,76.3209,159.2204,43.9073,44.1838,105996.5938,108.27,68643666.0
2026-09-21 22:06:59,2025-11-07,99.6,4.093,104.2109,19.08,1.3041,16694.0996,152.948,7.1186,8394.5898,18.0131,4009.8,59.75,63.63,96.9,4.938,64.0411,4.315,49.68,22.1544,23004.5391,293.437,109.4595,74.9781,157.404,43.922,43.7876,103372.4062,109.15,66940001.0
2026-09-21 22:06:59,2025-11-06,99.73,4.093,104.1953,19.5,1.3061,16669.0,154.073,7.126,8337.0576,17.9256,3991.0,59.43,63.38,97.05,4.9455,62.4207,4.357,49.35,22.106,23053.9902,296.547,109.2895,74.2221,158.1126,43.3197,43.1666,101301.2891,108.19,66525979.0
2026-09-21 22:06:59,2025-11-05,100.2,4.157,104.0703,18.01,1.3076,16707.0,153.557,7.1295,8318.5264,18.0228,3992.8999,59.6,63.52,97.2,4.963,62.6367,4.232,49.69,22.077,23499.8008,304.4915,111.729,75.1671,157.9928,43.5107,42.7509,103891.8359,108.8,66709379.0
2026-09-21 22:06:59,2025-11-04,100.22,4.089,104.168,19.0,1.3049,16640.9004,154.204,7.1718,8241.9111,17.8478,3960.5,60.56,64.44,97.35,4.926,62.8823,4.343,49.53,22.1447,23348.6406,295.311,111.979,75.0179,155.7673,43.5009,42.6384,101590.5234,107.91,65906286.0
2026-09-21 22:06:59,2025-11-03,99.87,4.106,104.1367,17.17,1.3018,16630.0,154.195,7.1169,8275.084,17.9353,4014.0,61.05,64.89,96.1,5.047,65.0134,4.266,49.84,22.2995,23834.7207,307.3922,115.6783,76.8878,157.1445,43.6576,43.103,106547.5234,107.85,66752820.0
2026-09-21 22:06:59,2025-10-31,99.8,4.101,104.1211,17.44,1.2992,16150.0,153.9,7.1098,8163.875,17.77,3996.5,60.98,65.07,92.92,5.0655,69.2363,4.124,48.68,22.135,23724.9609,305.568,115.4883,76.9077,159.0607,43.6331,43.0981,109556.1641,104.94,64543475.0
2026-09-21 22:06:59,2025-10-30,99.53,4.093,104.1211,16.91,1.2972,16562.0,152.722,7.099,8184.064,17.7603,4015.8999,60.57,65.0,93.0,5.078,70.2773,3.956,49.65,21.9802,23581.1406,304.4317,113.9486,75.923,156.9948,43.9367,42.7851,108305.5469,108.45,66511334.0
2026-09-21 22:06:59,2025-10-29,99.22,4.058,104.1797,16.92,1.2933,16561.7793,151.731,7.0988,8166.2241,17.8089,4000.7,60.48,64.92,92.55,5.2335,68.1953,3.376,50.16,21.9706,23958.4707,308.6083,115.1984,76.0722,156.6555,44.1228,43.0394,110055.3047,109.15,66258710.0
2026-09-21 22:06:59,2025-10-28,98.69,3.983,104.3477,16.42,1.2961,16158.2002,152.692,7.1102,8092.6289,17.5464,3983.1001,60.15,64.4,92.5,5.1405,67.1739,3.345,50.26,21.8545,23827.4902,303.4748,116.6981,77.6637,157.3441,44.1375,42.7216,112956.1641,105.82,64359729.0
2026-09-21 22:06:59,2025-10-27,98.78,3.997,104.3477,15.79,1.2981,16597.8008,153.061,7.1211,8117.1509,17.5853,4019.7,61.31,65.62,92.4,5.1405,68.4015,3.442,50.77,22.0576,23637.4609,303.106,117.0581,77.3553,156.7952,44.877,43.1715,114119.3281,108.44,66718180.0
2026-09-21 22:06:59,2025-10-24,98.95,3.997,104.3828,16.37,1.2986,16593.8008,152.602,7.1257,8271.7217,17.7895,4137.7998,61.5,65.94,92.4,5.0935,72.1629,3.304,50.27,22.106,23204.8691,294.9123,115.9783,77.0669,154.8491,44.7545,43.0688,111033.9219,108.74,68661826.0
2026-09-21 22:06:59,2025-10-23,98.94,3.991,104.3906,17.3,1.2978,16596.5996,151.954,7.1257,8274.3516,17.7895,4145.6001,61.79,65.99,92.6,5.082,69.0202,3.344,50.87,22.0963,22941.8008,290.1276,114.7685,76.9575,154.2703,44.2354,43.5089,110069.7266,109.22,68802865.0
2026-09-21 22:06:59,2025-10-22,98.9,3.953,104.4688,18.6,1.2984,16598.9004,151.893,7.1218,8152.5532,17.3909,4065.3999,58.5,62.59,92.05,4.961,67.4882,3.45,50.07,21.7287,22740.4004,283.2198,113.4887,76.0523,153.6116,44.2697,42.9367,107688.5859,109.28,67481168.0
2026-09-21 22:06:59,2025-10-21,98.93,3.963,104.4531,17.87,1.2936,16542.0,150.774,7.1195,8238.084,17.6631,4109.1001,57.82,61.32,92.4,4.93,68.3622,3.474,50.65,21.3901,22953.6699,290.3968,114.9884,76.6491,155.7174,44.3726,42.3939,108476.8906,109.71,67972734.0
2026-09-21 22:06:59,2025-10-20,98.59,3.986,104.4375,18.23,1.2954,16566.0,150.9,7.1264,8088.978,17.3229,4359.3999,57.52,61.01,92.65,4.998,71.2004,3.397,51.31,21.6126,22990.5391,292.0316,113.8687,76.0921,156.1765,44.828,42.4917,110588.9297,109.78,72217819.0
2026-09-21 22:06:59,2025-10-17,98.43,4.007,104.4375,20.78,1.2928,16561.9004,150.12,7.123,7915.6558,16.8174,4213.2998,57.54,61.29,93.0,4.9315,70.1889,3.008,51.13,21.3998,22679.9707,287.2469,112.6589,74.7195,153.8811,44.8427,42.0467,106467.7891,110.32,69780252.0
2026-09-21 22:06:59,2025-10-16,98.39,3.976,104.5156,25.31,1.2955,16575.0,150.974,7.1262,8124.7568,16.8757,4304.6001,57.46,61.06,93.0,4.958,71.5442,2.938,50.87,21.4191,22562.5391,288.0544,112.7789,74.4211,153.1126,44.9994,41.7044,108186.0391,109.79,71348747.0
2026-09-21 22:06:59,2025-10-15,98.79,4.046,104.3672,20.64,1.2984,16585.9004,151.731,7.1384,8051.1748,16.7299,4201.6001,58.27,61.91,91.4,4.972,76.4938,3.016,50.8,21.4578,22670.0801,286.7186,113.2688,75.3063,153.0827,45.494,42.213,110783.1641,109.31,69687321.0
2026-09-21 22:06:59,2025-10-14,99.05,4.022,104.4219,20.81,1.2993,16548.0,152.434,7.1,8066.522,16.7396,4163.3999,58.7,62.39,89.25,4.9805,78.291,3.028,49.92,21.3804,22521.6992,278.1362,113.5687,75.4754,151.0168,44.9063,42.2374,113118.6641,108.56,68895942.0
2026-09-21 22:06:59,2025-10-13,99.27,4.051,104.3789,19.03,1.2971,16598.0,152.056,7.1,8227.2021,17.0798,4133.0,59.49,63.32,89.4,5.1005,77.8,3.118,50.04,21.6223,22694.6094,283.9575,114.6185,76.5397,150.6376,44.5097,42.2423,115271.0781,109.16,68599534.0
2026-09-21 22:06:59,2025-10-10,98.98,4.051,104.3359,21.66,1.2992,16577.6992,152.965,7.1275,8257.8594,16.8271,4000.3999,58.9,62.73,89.65,4.8485,68.2247,3.106,49.4,21.3514,22204.4297,271.1187,112.069,75.0775,149.6496,44.1718,41.675,113214.3672,108.38,66317426.0
2026-09-21 22:06:59,2025-10-09,99.54,4.148,104.1875,16.43,1.2955,16556.0,152.68,7.1185,8250.9385,17.1576,3972.6001,61.51,65.22,90.45,5.0755,73.4396,3.269,50.38,21.8158,23024.6309,289.2605,115.6483,77.5742,151.7454,44.353,42.9172,121705.5859,108.44,65770367.0
2026-09-21 22:06:59,2025-10-08,98.85,4.129,104.2227,16.3,1.2936,16587.0,152.051,7.119,8166.0288,16.9632,4070.5,62.55,66.25,90.5,5.046,73.2137,3.333,50.97,22.0189,23043.3809,290.6062,115.6683,77.793,151.6855,44.4656,43.5089,123354.8672,109.09,67517384.0
2026-09-21 22:06:59,2025-10-07,98.58,4.127,104.2539,17.24,1.2911,16596.5,150.331,7.119,8169.2808,16.9437,4004.3999,61.73,65.45,91.25,5.048,72.428,3.498,50.53,21.9899,22788.3594,281.007,114.3486,75.8335,150.1785,44.162,43.7632,121451.3828,110.4,66459023.0
2026-09-21 22:06:59,2025-10-06,98.11,4.162,104.2031,16.37,1.2917,16558.0,149.606,7.119,8139.894,16.934,3976.3,61.69,65.47,91.5,4.987,72.7325,3.357,49.79,21.9028,22941.6699,287.4363,115.5983,76.9575,150.2184,43.9612,43.6947,124752.5312,110.68,65839575.0
2026-09-21 22:06:59,2025-10-03,97.72,4.119,104.25,16.65,1.2886,16601.5,147.15,7.119,8118.3008,16.9437,3908.8999,60.88,64.53,92.0,5.058,72.0352,3.324,49.43,21.6803,22780.5098,279.0632,114.8085,76.291,150.6975,43.5401,43.4796,122266.5312,112.82,64893602.0
2026-09-21 22:06:59,2025-10-02,97.85,4.088,104.3008,16.63,1.2877,16644.0996,147.083,7.119,8071.0811,16.9535,3868.1001,60.48,64.11,92.2,4.898,68.1069,3.442,49.82,21.6126,22844.0508,280.7877,115.6983,76.6789,149.3202,43.0405,43.2497,120681.2578,113.16,64381043.0
2026-09-21 22:06:59,2025-10-01,97.71,4.106,104.3086,16.29,1.2902,16683.0,147.997,7.119,8043.8218,16.9729,3897.5,61.78,65.35,92.9,4.8305,66.7516,3.476,49.75,21.7577,22755.1602,275.4548,115.0484,76.1219,148.2124,43.1189,43.6898,118648.9297,112.73,65021992.0
2026-09-21 22:06:59,2025-09-30,97.77,4.148,103.9727,16.28,1.2897,16628.0,148.595,7.1194,8061.062,17.0604,3873.2,62.37,67.02,93.75,4.805,64.6402,3.303,48.87,21.7964,22660.0098,270.2516,114.9884,75.6047,144.0807,42.7075,43.6898,114056.0859,111.9,64403570.0
2026-09-21 22:06:59,2025-09-29,97.91,4.141,103.9219,16.12,1.2913,16723.0,149.405,7.1328,8123.2451,17.1965,3855.2,63.45,67.97,93.9,4.841,64.3652,3.267,49.11,21.8835,22591.1504,268.0685,115.9583,75.7042,142.1247,42.6341,44.1593,114400.3828,111.93,64470510.0
2026-09-21 22:06:59,2025-09-26,98.15,4.187,103.8984,15.29,1.2944,16759.0996,149.861,7.1338,8099.333,17.109,3809.0,65.72,70.13,92.95,4.7155,64.6696,2.835,49.6,22.0673,22484.0703,267.9689,114.9484,75.4058,140.6776,42.5117,44.9858,109712.8281,111.83,63835410.0
2026-09-21 22:06:59,2025-09-25,98.55,4.172,103.8672,16.74,1.2883,16695.0996,148.751,7.1315,8040.665,16.9243,3771.1001,64.98,69.42,92.75,4.7,65.7696,2.904,49.74,22.0576,22384.6992,267.3808,113.8786,74.988,138.7914,41.831,44.575,109049.2891,112.24,62958892.0
2026-09-21 22:06:59,2025-09-24,97.87,4.147,103.9883,16.18,1.2833,16633.0,147.613,7.1116,8126.5581,17.1868,3768.1001,64.99,69.31,93.0,4.7525,63.9429,2.858,49.29,21.9028,22497.8594,268.238,115.1984,75.3053,141.3562,42.2374,44.1789,113328.6328,112.68,62674809.0
2026-09-21 22:06:59,2025-09-23,97.26,4.12,104.0273,16.64,1.2818,16582.0,147.725,7.114,8125.2012,17.2645,3815.7,63.41,67.63,93.0,4.5845,60.0637,2.853,49.35,21.7577,22573.4707,268.6467,116.3782,75.743,142.2045,41.9387,43.6116,112014.5,112.25,63271937.0
2026-09-21 22:06:59,2025-09-22,97.33,4.143,104.0156,16.1,1.2854,16637.0,148.095,7.1129,8040.0391,17.2354,3775.1001,62.64,66.57,93.0,4.573,60.6726,2.806,49.17,21.5352,22788.9805,268.9657,117.7679,76.489,143.1227,41.7232,42.8732,112748.5078,112.34,62806340.0
